POSTCODE,LAT,LNG
0200,-35.2777,149.11895
0800,-12.45868,130.83668
0801,-12.45868,130.83668
0803,-12.43399,130.74591
0804,-12.42802,130.87331
0810,-12.3798,130.86849
0811,-12.38181,130.86624
0812,-12.39642,130.91519
0813,-12.40478,130.9161
0814,-12.38181,130.86624
0815,-12.3718,130.869
0820,-12.42711,130.87334
0821,-13.64328,136.94705
0822,-11.76997,130.62946
0828,-12.43202,130.93207
0829,-12.45763,130.95977
0830,-12.47928,130.97335
0831,-12.47507,130.97488
0832,-12.50343,130.97746
0834,-12.54686,131.02349
0835,-12.47608,131.02299
0836,-12.55604,131.10804
0837,-12.67332,131.05535
0838,-12.71878,131.00673
0839,-12.52001,131.0402
0840,-12.73458,130.43857
0841,-12.81923,130.96986
0845,-13.04512,131.03848
0846,-13.2103,131.095
0847,-14.01212,131.75915
0850,-14.40915,132.28591
0851,-15.71142,137.05072
0852,-16.4311,130.89873
0853,-14.54463,132.39812
0854,-16.28728,136.36665
0860,-19.6413,134.1736
0861,-18.56305,134.48183
0862,-18.17968,134.86259
0870,-23.70222,133.86486
0871,-21.94951,131.29881
0872,-23.05255,131.06949
0873,-23.74471,133.90501
0874,-23.68502,133.89988
0875,-23.69689,133.8333
0880,-12.06062,136.60613
0881,-11.67037,136.82486
0885,-13.85079,136.42007
0886,-13.13118,132.56337
0906,-13.64328,136.94705
0907,-13.64328,136.94705
0909,-12.3718,130.869
1001,-33.79488,151.26807
1002,-33.79488,151.26807
1003,-33.79488,151.26807
1004,-33.79488,151.26807
1005,-33.79488,151.26807
1006,-33.79488,151.26807
1007,-33.79488,151.26807
1008,-33.79488,151.26807
1009,-33.79488,151.26807
1010,-33.79488,151.26807
1020,-33.79488,151.26807
1021,-33.79488,151.26807
1022,-33.79488,151.26807
1023,-33.79488,151.26807
1025,-33.79488,151.26807
1026,-33.79488,151.26807
1027,-33.79488,151.26807
1028,-33.79488,151.26807
1029,-33.79488,151.26807
1030,-33.79488,151.26807
1031,-33.79488,151.26807
1032,-33.66283,150.87418
1033,-33.79488,151.26807
1034,-33.79488,151.26807
1035,-33.79488,151.26807
1036,-33.79488,151.26807
1037,-33.79488,151.26807
1038,-33.79488,151.26807
1039,-33.79488,151.26807
1040,-33.79488,151.26807
1041,-33.79488,151.26807
1042,-33.79488,151.26807
1043,-33.79488,151.26807
1044,-33.79488,151.26807
1045,-33.79488,151.26807
1046,-33.79488,151.26807
1100,-33.79488,151.26807
1101,-33.79488,151.26807
1105,-33.79488,151.26807
1106,-33.79488,151.26807
1107,-33.79488,151.26807
1108,-33.79488,151.26807
1109,-33.79488,151.26807
1110,-33.79488,151.26807
1112,-33.79488,151.26807
1113,-33.79488,151.26807
1114,-33.79488,151.26807
1115,-33.79488,151.26807
1116,-33.66673,150.86614
1117,-33.66457,150.87022
1118,-33.79488,151.26807
1119,-33.79488,151.26807
1120,-33.79488,151.26807
1121,-33.79488,151.26807
1122,-33.79488,151.26807
1123,-33.79488,151.26807
1124,-33.79488,151.26807
1125,-33.79488,151.26807
1126,-33.79488,151.26807
1127,-33.79488,151.26807
1128,-33.79488,151.26807
1129,-33.79488,151.26807
1130,-33.79488,151.26807
1131,-33.79488,151.26807
1132,-33.66279,150.87427
1133,-33.79488,151.26807
1134,-33.79488,151.26807
1135,-33.79488,151.26807
1136,-33.79488,151.26807
1137,-33.79488,151.26807
1138,-33.79488,151.26807
1139,-33.79488,151.26807
1140,-33.79488,151.26807
1141,-33.79488,151.26807
1142,-33.79488,151.26807
1143,-33.79488,151.26807
1144,-33.79488,151.26807
1145,-33.79488,151.26807
1146,-33.79488,151.26807
1147,-33.79488,151.26807
1148,-33.79488,151.26807
1149,-33.79488,151.26807
1150,-33.79488,151.26807
1151,-33.79488,151.26807
1152,-33.79488,151.26807
1153,-33.79488,151.26807
1154,-33.79488,151.26807
1155,-33.79488,151.26807
1156,-33.79488,151.26807
1157,-33.79488,151.26807
1158,-33.79488,151.26807
1159,-33.79488,151.26807
1160,-33.79488,151.26807
1161,-33.79488,151.26807
1162,-33.79488,151.26807
1163,-33.79488,151.26807
1164,-33.79488,151.26807
1165,-33.79488,151.26807
1166,-33.79488,151.26807
1167,-33.79488,151.26807
1168,-33.79488,151.26807
1169,-33.79488,151.26807
1170,-33.79488,151.26807
1171,-33.79488,151.26807
1172,-33.79488,151.26807
1173,-33.79488,151.26807
1174,-33.79488,151.26807
1175,-33.79488,151.26807
1176,-33.79488,151.26807
1177,-33.79488,151.26807
1178,-33.79488,151.26807
1179,-33.79488,151.26807
1180,-33.79488,151.26807
1181,-33.79488,151.26807
1182,-33.79488,151.26807
1183,-33.79488,151.26807
1184,-33.79488,151.26807
1185,-33.79488,151.26807
1186,-33.79488,151.26807
1187,-33.79488,151.26807
1188,-33.79488,151.26807
1189,-33.79488,151.26807
1190,-33.79488,151.26807
1191,-33.79488,151.26807
1192,-34.79068,147.68528
1193,-33.79488,151.26807
1194,-33.79488,151.26807
1195,-33.79488,151.26807
1196,-33.79488,151.26807
1197,-33.79488,151.26807
1198,-33.79488,151.26807
1199,-33.79488,151.26807
1201,-33.79488,151.26807
1202,-33.79488,151.26807
1203,-33.79488,151.26807
1205,-33.79488,151.26807
1207,-33.79488,151.26807
1208,-29.81648,151.65945
1209,-33.89179,151.17625
1210,-33.89179,151.17625
1211,-33.89179,151.17625
1212,-33.89179,151.17625
1213,-33.89179,151.17625
1214,-33.89179,151.17625
1215,-33.89179,151.17625
1216,-33.74131,151.03403
1217,-33.74131,151.03403
1218,-33.74131,151.03403
1219,-33.74131,151.03403
1220,-33.74131,151.03403
1221,-33.86533,151.20791
1222,-33.86533,151.20791
1223,-33.86533,151.20791
1224,-33.86533,151.20791
1225,-33.86533,151.20791
1226,-33.87175,151.20671
1227,-33.87175,151.20671
1228,-33.87175,151.20671
1229,-33.87175,151.20671
1230,-33.87175,151.20671
1231,-33.81555,151.04253
1232,-33.81555,151.04253
1233,-33.81555,151.04253
1234,-33.81555,151.04253
1235,-33.81555,151.04253
1236,-29.81648,151.65945
1237,-29.81648,151.65945
1238,-29.81648,151.65945
1239,-29.81648,151.65945
1240,-29.81648,151.65945
1291,-33.79488,151.26807
1292,-33.79488,151.26807
1293,-33.79488,151.26807
1294,-33.79488,151.26807
1295,-33.79488,151.26807
1296,-33.79488,151.26807
1297,-33.79488,151.26807
1298,-33.79488,151.26807
1299,-33.79488,151.26807
1300,-33.87733,151.22088
1314,-33.9508,151.21
1335,-33.82269,151.11757
1340,-35.53772,148.02101
1350,-33.88871,151.24051
1355,-33.89374,151.2625
1360,-33.87584,151.24194
1401,-33.88422,151.19983
1405,-33.89194,151.04771
1419,-34.0641,151.094
1420,-33.7261,150.93184
1422,-33.7261,150.93184
1423,-33.7261,150.93184
1424,-33.7261,150.93184
1425,-33.7261,150.93184
1426,-33.7261,150.93184
1427,-33.7261,150.93184
1428,-33.7261,150.93184
1429,-33.7261,150.93184
1430,-33.89023,151.19949
1435,-33.71178,151.10825
1440,-33.90284,151.05791
1441,-33.90284,151.05791
1445,-34.08309,151.00769
1450,-30.30581,153.13679
1455,-33.94709,151.19764
1460,-33.92667,151.21079
1465,-33.88855,151.14074
1466,-33.90656,151.23442
1470,-33.843,151.15196
1475,-33.90911,151.15334
1476,-33.90911,151.15334
1480,-33.93592,151.10003
1481,-33.9646,151.101
1484,-33.9386,151.101
1485,-33.97435,151.14034
1490,-34.03588,151.1072
1493,-33.97587,151.08894
1495,-34.04693,151.12394
1499,-34.0157,151.0622
1515,-33.82461,151.20726
1560,-33.81264,151.2148
1565,-33.86537,151.19307
1570,-33.80809,151.19273
1585,-33.83459,151.20085
1590,-33.292,151.46865
1595,-33.79187,151.18795
1597,-33.79187,151.18795
1602,-33.8148,151.166
1630,-33.70768,151.09981
1635,-33.7046,151.101
1639,-33.79314,151.24675
1640,-33.79314,151.24675
1655,-33.3298,151.50512
1658,-33.69877,151.2168
1660,-33.69877,151.2168
1670,-33.7932,151.12
1675,-33.83303,151.13968
1680,-33.7615,151.13781
1685,-33.80406,151.09064
1700,-33.9503,151.20698
1710,-33.78417,151.1167
1715,-33.75843,151.04911
1730,-33.76026,150.96691
1740,-33.88617,151.13947
1741,-33.88617,151.13947
1750,-33.85705,151.0231
1755,-33.76724,150.96818
1765,-33.73591,151.03053
1771,-33.75843,151.04911
1781,-33.7779,150.932
1790,-33.85905,151.19554
1800,-33.8876,151.12401
1805,-33.89156,151.10082
1811,-33.82328,151.05138
1819,-33.87714,151.09333
1825,-33.87248,151.04477
1830,-33.85929,150.94858
1831,-33.85929,150.94858
1835,-33.88393,151.0238
1851,-33.8498,150.911
1860,-33.85046,150.96112
1871,-33.88833,151.10363
1874,-33.93567,150.94134
1875,-33.93567,150.94134
1885,-33.90742,151.02458
1888,-33.90742,151.02458
1890,-33.96003,150.80209
1891,-33.93222,151.00018
2000,-33.86002,151.25053
2001,-33.79488,151.26807
2002,-33.87712,151.20692
2004,-33.9294,151.2
2006,-33.88922,151.18651
2007,-33.88319,151.19665
2008,-33.89115,151.19386
2009,-33.87122,151.19305
2010,-33.88412,151.21226
2011,-33.8736,151.22163
2012,-33.7261,150.93184
2013,-33.7261,150.93184
2015,-33.91011,151.19483
2016,-33.89491,151.20621
2017,-33.90269,151.20621
2018,-33.9233,151.2027
2019,-33.94692,151.20729
2020,-33.93493,151.18116
2021,-33.8957,151.22724
2022,-33.8964,151.24505
2023,-33.88468,151.25591
2024,-33.90441,151.25939
2025,-33.88871,151.24051
2026,-33.89104,151.26897
2027,-33.86897,151.25049
2028,-33.87841,151.24096
2029,-33.87571,151.26699
2030,-33.85838,151.27598
2031,-33.91451,151.23973
2032,-33.93031,151.22394
2033,-33.91139,151.21843
2034,-33.9291,151.25217
2035,-33.94564,151.24129
2036,-33.96962,151.23784
2037,-33.88018,151.18446
2038,-33.88162,151.17016
2039,-33.86719,151.17192
2040,-33.87877,151.15682
2041,-33.85856,151.18009
2042,-33.90065,151.17535
2043,-33.90352,151.18466
2044,-33.9204,151.1723
2045,-33.8793,151.13868
2046,-33.86604,151.13386
2047,-33.85392,151.16574
2048,-33.89418,151.16564
2049,-33.89722,151.15085
2050,-33.89037,151.17598
2052,-33.90656,151.23442
2055,-33.80284,151.10494
2057,-33.79199,151.1899
2058,-31.2532,146.921
2059,-33.80284,151.10494
2060,-33.83986,151.20456
2061,-33.84878,151.21237
2062,-33.82284,151.21246
2063,-33.81264,151.2148
2064,-33.81321,151.1838
2065,-33.82808,151.19381
2066,-33.81864,151.16091
2067,-33.79838,151.17711
2068,-33.79983,151.20242
2069,-33.78025,151.19537
2070,-33.78042,151.16201
2071,-33.7586,151.1766
2072,-33.75458,151.15318
2073,-33.7573,151.13028
2074,-33.73522,151.12372
2075,-33.72369,151.16729
2076,-33.71475,151.11587
2077,-33.69192,151.09751
2079,-33.66664,151.11268
2080,-33.65817,151.14356
2081,-33.61976,151.1505
2082,-33.55664,151.15889
2083,-33.5232,151.19411
2084,-33.651,151.21693
2085,-33.72878,151.21172
2086,-33.75185,151.22921
2087,-33.76609,151.21053
2088,-33.83069,151.24335
2089,-33.83918,151.21885
2090,-33.82895,151.22309
2091,-33.8279,151.261
2092,-33.79664,151.24181
2093,-33.79315,151.25807
2094,-33.79523,151.27324
2095,-33.81548,151.29468
2096,-33.77636,151.28493
2097,-33.73803,151.2967
2099,-33.74891,151.28
2100,-33.76641,151.25778
2101,-33.70712,151.27114
2102,-33.69129,151.2943
2103,-33.67934,151.30283
2104,-33.66492,151.29092
2105,-33.63943,151.27847
2106,-33.66071,151.3146
2107,-33.63482,151.32329
2108,-33.60382,151.32276
2109,-33.77156,151.11347
2110,-33.8361,151.14913
2111,-33.82995,151.12449
2112,-33.81658,151.10845
2113,-33.79419,151.13023
2114,-33.81099,151.08418
2115,-33.81311,151.05984
2116,-33.81437,151.03694
2117,-33.79713,151.04218
2118,-33.7756,151.04352
2119,-33.7555,151.06418
2120,-33.7311,151.07359
2121,-33.77414,151.07992
2122,-33.79136,151.09207
2123,-33.81545,150.99957
2124,-33.88617,151.13947
2125,-33.75265,151.03181
2126,-33.7249,151.04394
2127,-33.84324,151.07461
2128,-33.83593,151.04759
2129,-33.8641,151.06955
2130,-33.89278,151.13588
2131,-33.8876,151.12401
2132,-33.88242,151.11338
2133,-33.89879,151.10209
2134,-33.88005,151.10176
2135,-33.88101,151.08476
2136,-33.89294,151.08774
2137,-33.85749,151.10375
2138,-33.8445,151.08653
2139,-33.83599,151.09516
2140,-33.83502,151.07085
2141,-33.87248,151.04477
2142,-33.83637,151.01553
2143,-33.88546,151.02345
2144,-33.85187,151.02676
2145,-33.81096,150.95939
2146,-33.78937,150.95951
2147,-33.76608,150.93584
2148,-33.78375,150.90055
2150,-33.81446,151.00651
2151,-33.78709,151.01251
2152,-33.7825,150.99639
2153,-33.73704,150.96333
2154,-33.73238,151.00095
2155,-33.72226,150.93546
2156,-33.65698,150.97453
2157,-33.60217,150.99105
2158,-33.6883,151.03727
2159,-33.53915,151.08415
2160,-33.83588,150.97659
2161,-33.85833,150.98372
2162,-33.88349,151.00413
2163,-33.8872,150.97946
2164,-33.84472,150.88062
2165,-33.87244,150.9475
2166,-33.89274,150.92937
2167,-33.97217,150.89044
2168,-33.91594,150.87535
2170,-33.929,150.92311
2171,-33.93807,150.90954
2172,-33.95111,150.91744
2173,-34.07424,150.91955
2174,-33.9775,150.85671
2175,-33.84503,150.84819
2176,-33.87201,150.88526
2177,-33.89297,150.88175
2178,-33.87478,150.83822
2179,-33.93311,150.81203
2190,-33.8986,151.05181
2191,-33.9068,151.08551
2192,-33.92102,151.08966
2193,-33.91031,151.12086
2194,-33.9176,151.10178
2195,-33.92302,151.07696
2196,-33.93009,151.0578
2197,-33.9012,150.99815
2198,-33.90879,150.98628
2199,-33.90559,151.02317
2200,-33.92607,151.01165
2203,-33.90441,151.139
2204,-33.91229,151.15554
2205,-33.93755,151.14796
2206,-33.92606,151.12288
2207,-33.94874,151.11952
2208,-33.94263,151.098
2209,-33.94913,151.0753
2210,-33.95926,151.05181
2211,-33.96137,151.03221
2212,-33.94729,151.01455
2213,-33.9641,150.99784
2214,-33.94144,150.98159
2216,-33.9556,151.14714
2217,-33.97435,151.14034
2218,-33.97316,151.11745
2219,-33.99659,151.1325
2220,-33.96669,151.10176
2221,-33.99216,151.10599
2222,-33.96471,151.08477
2223,-33.98026,151.07184
2224,-34.01362,151.10189
2225,-33.99744,151.08789
2226,-34.00935,151.06381
2227,-34.04984,151.085
2228,-34.03769,151.10156
2229,-34.05496,151.12003
2230,-34.08368,151.1411
2231,-34.02993,151.19349
2232,-34.08162,151.07521
2233,-34.11463,151.02792
2234,-34.02194,151.00441
2250,-33.32806,151.19298
2251,-33.48221,151.402
2252,-33.3208,151.234
2256,-33.48212,151.33115
2257,-33.52036,151.3744
2258,-33.33319,151.3433
2259,-33.20866,151.39767
2260,-33.42537,151.43694
2261,-33.31479,151.52073
2262,-33.20696,151.53828
2263,-33.2851,151.55622
2264,-33.10668,151.53381
2265,-33.09555,151.41212
2267,-33.08655,151.59173
2278,-32.93241,151.59042
2280,-33.01971,151.66317
2281,-33.09469,151.66227
2282,-32.98728,151.65127
2283,-33.01912,151.57181
2284,-32.95324,151.62118
2285,-32.9333,151.65109
2286,-32.92332,151.53267
2287,-32.89354,151.65896
2289,-32.94857,151.71008
2290,-32.98396,151.7078
2291,-32.95104,151.74288
2292,-32.93159,151.74072
2293,-32.91778,151.7547
2294,-32.91579,151.76741
2295,-32.87947,151.80174
2296,-32.9157,151.74624
2297,-32.90913,151.75013
2298,-32.90563,151.72224
2299,-32.90814,151.70115
2300,-32.93163,151.77802
2302,-32.93127,151.75247
2303,-32.92398,151.74449
2304,-32.88032,151.73862
2305,-32.93022,151.70655
2306,-32.99329,151.68252
2307,-32.88365,151.6881
2308,-32.89288,151.69736
2309,-30.35216,148.89077
2310,-32.1932,151.701
2311,-32.32731,151.51738
2312,-32.14749,152.35153
2314,-32.79745,151.84009
2315,-32.74622,152.1937
2316,-32.77692,152.08327
2317,-32.72094,152.0764
2318,-32.76991,151.8519
2319,-32.73806,152.02728
2320,-32.74174,151.54367
2321,-32.66019,151.6837
2322,-32.81331,151.65243
2323,-32.76693,151.59825
2324,-32.62676,152.31118
2325,-32.98014,151.26998
2326,-32.78521,151.45315
2327,-32.82069,151.48621
2328,-32.57693,150.56482
2329,-32.0475,150.18752
2330,-32.7566,150.9825
2331,-32.68017,151.16531
2333,-32.24857,150.70195
2334,-32.72846,151.38545
2335,-32.6434,151.32394
2336,-32.14622,151.10292
2337,-31.96173,151.07227
2338,-31.73517,151.02916
2339,-31.73574,150.60327
2340,-31.33824,151.13373
2341,-31.34664,150.61105
2342,-31.15522,150.54907
2343,-31.66546,150.14914
2344,-31.17375,150.72957
2345,-30.86434,150.87503
2346,-30.65315,150.71013
2347,-30.27804,150.53641
2348,-31.2532,146.921
2350,-30.48384,151.88722
2351,-30.48913,151.63963
2352,-31.08812,151.24619
2353,-30.97362,151.09561
2354,-31.12765,151.73416
2355,-30.77523,151.15422
2356,-30.6198,148.96949
2357,-31.28498,149.31196
2358,-30.5403,151.29752
2359,-30.20194,150.99927
2360,-29.64232,151.16853
2361,-29.19849,151.14175
2365,-30.11591,151.67303
2369,-29.98537,151.26508
2370,-29.73853,151.83947
2371,-29.36625,151.81468
2372,-29.05632,151.98283
2379,-31.1674,149.70214
2380,-31.04612,150.19915
2381,-31.24417,150.4579
2382,-30.59504,150.17806
2386,-30.05653,148.99968
2387,-29.7768,149.00966
2388,-30.42733,149.00154
2390,-30.34066,149.85175
2395,-31.57152,149.45351
2396,-30.86629,148.98556
2397,-29.91125,149.63489
2398,-29.74106,149.79574
2399,-29.40932,150.22266
2400,-29.47492,149.46215
2401,-29.6119,150.33162
2402,-29.44182,150.54755
2403,-29.58893,150.78662
2404,-29.86526,150.48943
2405,-28.89465,149.64725
2406,-28.92363,148.8074
2408,-29.05462,150.49221
2409,-28.73427,150.36869
2410,-28.80309,150.71554
2411,-29.13119,150.30789
2415,-32.27807,151.85957
2420,-32.27795,151.69306
2421,-32.58285,151.53311
2422,-31.96114,151.86128
2423,-32.38255,152.2906
2424,-31.64836,151.99213
2425,-32.4176,152.00245
2426,-31.81793,152.59534
2427,-31.84232,152.68658
2428,-32.20628,152.45342
2429,-31.77288,152.28376
2430,-31.89408,152.41958
2431,-30.92523,153.05379
2439,-31.64156,152.66618
2440,-30.38924,153.01536
2441,-30.86029,152.80244
2442,-31.4352,152.917
2443,-31.72918,152.74634
2444,-31.43961,152.87253
2445,-31.58492,152.81181
2446,-31.38616,152.46039
2447,-30.76468,152.76676
2448,-30.60467,152.95668
2449,-30.62239,152.70982
2450,-30.14337,152.77502
2452,-30.35717,153.08188
2453,-30.30697,152.64419
2454,-30.46332,152.82491
2455,-30.52937,152.96348
2456,-30.06597,153.14343
2460,-29.33833,153.22721
2462,-29.82919,153.18705
2463,-29.37767,153.11155
2464,-29.47863,153.33363
2465,-29.41262,153.2439
2466,-29.40748,153.35089
2469,-29.18348,152.89546
2470,-28.9166,152.76963
2471,-29.03373,153.24406
2472,-29.15971,153.31241
2473,-29.13704,153.39761
2474,-28.50059,152.90378
2475,-28.54949,152.38531
2476,-28.37776,152.51395
2477,-28.91277,153.42922
2478,-28.85953,153.53513
2479,-28.70954,153.51496
2480,-28.7076,153.26198
2481,-28.66241,153.59167
2482,-28.55038,153.4207
2483,-28.46113,153.49424
2484,-28.37901,153.31935
2485,-28.18424,153.52682
2486,-28.21413,153.48392
2487,-28.28219,153.54864
2488,-28.34099,153.56069
2489,-28.38781,153.55075
2490,-28.27172,153.47264
2500,-34.42425,150.87503
2502,-34.49472,150.87308
2505,-34.46641,150.9439
2506,-34.48494,150.84079
2508,-34.22341,150.96587
2515,-34.30029,150.9299
2516,-34.33211,150.90483
2517,-34.34936,150.89117
2518,-34.37424,150.89102
2519,-34.35558,150.70962
2520,-33.93779,151.13959
2522,-34.4051,150.8778
2525,-34.43723,150.8189
2526,-34.39101,150.77773
2527,-34.58086,150.7554
2528,-34.54872,150.85513
2529,-34.59243,150.84584
2530,-34.50365,150.76628
2533,-34.64538,150.75688
2534,-34.74012,150.79444
2535,-34.76235,150.67639
2536,-35.66738,150.13936
2537,-35.93965,149.9122
2538,-35.36949,150.30636
2539,-35.4864,150.37998
2540,-34.89064,150.59172
2541,-34.96642,150.4809
2545,-36.12766,149.79229
2546,-36.26747,150.21387
2548,-36.85776,149.89815
2549,-36.9532,149.85169
2550,-36.73923,149.69954
2551,-37.27109,149.74635
2555,-33.88338,150.74135
2556,-33.931,150.7296
2557,-33.99818,150.77643
2558,-34.0316,150.79948
2559,-34.05127,150.79361
2560,-34.19946,150.77138
2563,-34.10274,150.74985
2564,-33.99836,150.89492
2565,-33.99136,150.84829
2566,-34.02728,150.84226
2567,-34.05516,150.75649
2568,-34.14738,150.71801
2569,-34.196,150.70888
2570,-34.04357,150.51953
2571,-34.18219,150.61058
2572,-34.19305,150.55919
2573,-34.21844,150.58463
2574,-34.32809,150.59857
2575,-34.35968,150.36028
2576,-34.52561,150.5035
2577,-34.60607,150.42303
2578,-34.71558,150.29323
2579,-34.71185,150.13033
2580,-34.69396,149.73498
2581,-34.76448,149.28663
2582,-34.88876,148.84755
2583,-34.21788,149.26697
2584,-34.71102,148.55524
2585,-34.57233,148.4985
2586,-34.37863,148.79726
2587,-34.53225,148.35984
2588,-34.59949,148.2556
2590,-34.71451,147.89691
2594,-34.24412,148.12962
2600,-35.30291,149.20107
2601,-35.27586,149.1138
2602,-35.2512,149.14765
2603,-35.33038,149.12574
2604,-35.33641,149.14761
2605,-35.33582,149.09346
2606,-35.3521,149.0897
2607,-35.36999,149.09483
2608,-35.28287,149.12937
2609,-35.30927,149.17768
2610,-35.2809,149.13
2611,-35.34633,148.85601
2612,-35.27061,149.13321
2614,-35.25731,149.0498
2615,-35.21679,149.02296
2616,-35.24844,149.07034
2617,-35.23128,149.08668
2618,-35.12047,149.05692
2619,-35.37816,149.19454
2620,-35.33386,149.24184
2621,-35.4698,149.48404
2622,-35.54123,149.81749
2623,-35.55283,149.44508
2624,-36.20962,148.42925
2625,-36.50661,148.30101
2626,-35.94123,149.16855
2627,-36.46224,148.31358
2628,-36.42077,148.81756
2629,-35.96482,148.74303
2630,-36.18575,149.12904
2631,-36.54613,149.29248
2632,-37.02012,149.22045
2633,-36.86521,148.70156
2640,-36.0162,147.02655
2641,-36.03865,146.93044
2642,-35.968,147.88628
2643,-35.93656,146.61754
2644,-35.76794,147.41703
2645,-35.31335,146.36586
2646,-35.74958,146.30371
2647,-35.90546,145.97613
2648,-33.48446,141.91751
2649,-35.60828,148.09121
2650,-35.07269,147.3678
2651,-35.16226,147.46348
2652,-35.32468,147.5717
2653,-35.75745,148.02701
2655,-35.2251,147.04737
2656,-35.32025,146.74196
2658,-35.53574,146.97785
2659,-35.61015,146.76748
2660,-35.69991,147.07831
2661,-35.1577,147.27756
2663,-34.93348,147.71677
2665,-34.31778,146.87863
2666,-34.48778,147.58381
2668,-34.1215,147.40543
2669,-33.81489,146.66748
2671,-33.84159,147.26421
2672,-33.24724,146.40677
2675,-33.45919,145.47925
2678,-35.05933,147.35195
2680,-34.32142,145.91462
2681,-34.11671,146.14674
2700,-34.89706,146.28561
2701,-34.78536,147.20377
2702,-34.86668,147.01424
2703,-34.60794,146.37083
2705,-34.48987,146.37347
2706,-34.56946,145.93753
2707,-34.76886,145.80787
2708,-35.7299,145.329
2710,-35.37425,144.98719
2711,-34.27846,144.42305
2712,-35.75418,145.87281
2713,-35.58634,145.52068
2714,-35.76577,145.39728
2715,-34.25482,143.32315
2716,-35.23912,145.66736
2717,-34.08919,142.08013
2720,-35.37065,148.38725
2721,-34.04948,147.71206
2722,-35.04484,148.09743
2725,-34.44817,147.81581
2726,-34.76957,148.31389
2727,-34.97567,148.38167
2729,-35.22775,147.9238
2730,-35.51004,148.03401
2731,-35.88369,144.66226
2732,-35.5185,144.14794
2733,-35.01371,144.20614
2734,-34.86298,143.47812
2735,-35.15213,143.48561
2736,-34.96518,143.37582
2737,-34.57411,142.87381
2738,-34.18172,142.28549
2739,-34.15455,142.15142
2745,-33.87134,150.67149
2747,-33.72771,150.73679
2748,-33.81104,150.72319
2749,-33.70217,150.68682
2750,-33.75548,150.67855
2751,-33.73213,151.28035
2752,-33.93843,150.58403
2753,-33.60301,150.66287
2754,-33.55789,150.72802
2756,-33.4624,150.88327
2757,-33.55484,150.69209
2758,-33.48482,150.5977
2759,-33.82252,150.78177
2760,-33.759,150.78004
2761,-33.74201,150.84746
2762,-33.69891,150.88426
2763,-33.72711,150.89915
2765,-33.66655,150.83545
2766,-33.81039,150.85076
2767,-33.76914,150.86915
2768,-33.73786,150.92273
2769,-33.70546,150.90549
2770,-33.75644,150.81025
2773,-33.76884,150.62679
2774,-33.73267,150.62902
2775,-33.30516,150.94713
2776,-33.66685,150.55311
2777,-33.69253,150.58796
2778,-33.72854,150.48455
2779,-33.7237,150.45933
2780,-33.83292,150.43564
2782,-33.70713,150.37123
2783,-33.72557,150.43184
2784,-33.72992,150.40705
2785,-33.71066,150.19184
2786,-33.53305,150.31779
2787,-34.04526,150.17709
2790,-33.3762,150.28415
2791,-33.63494,149.16448
2792,-33.62663,149.08632
2793,-33.80183,148.944
2794,-33.89851,148.66484
2795,-33.81726,149.47155
2797,-33.60512,148.95253
2798,-33.46219,149.15876
2799,-33.57133,149.26767
2800,-33.24229,149.10712
2803,-34.17673,148.5237
2804,-33.53956,148.63399
2805,-33.64991,148.42003
2806,-33.37556,148.37558
2807,-34.03649,148.56216
2808,-33.97699,149.02317
2809,-33.97286,148.43232
2810,-33.90287,148.05461
2817,-31.41235,148.8711
2818,-32.44857,148.76157
2820,-32.53749,148.99594
2821,-32.25525,148.11039
2822,-31.93985,148.59405
2823,-32.07687,147.8385
2824,-31.37262,147.81628
2825,-31.8598,147.14031
2826,-31.94235,147.56745
2827,-31.63315,148.64835
2828,-31.2765,148.61851
2829,-30.74872,148.34115
2830,-32.24539,148.65947
2831,-31.88389,146.65143
2832,-29.92393,147.93652
2833,-29.39149,148.37852
2834,-29.28379,147.94767
2835,-31.55182,145.40658
2836,-31.49812,143.27056
2838,-29.3107,147.404
2839,-29.74065,146.98446
2840,-30.08123,145.26316
2842,-31.66433,149.08932
2843,-31.82434,149.7278
2844,-31.92497,149.3193
2845,-33.40496,150.04201
2846,-33.07181,150.11861
2847,-33.40446,149.9698
2848,-32.90141,149.96413
2849,-32.70893,150.05909
2850,-32.68503,149.60292
2852,-32.28933,149.45822
2864,-33.34027,148.73181
2865,-33.17429,148.63611
2866,-33.00726,148.90453
2867,-32.91489,148.66807
2868,-32.73641,148.58943
2869,-32.58403,148.26665
2870,-33.0355,148.16819
2871,-33.47334,147.82888
2873,-32.27492,147.13822
2874,-32.61993,147.53857
2875,-32.95224,147.5993
2876,-33.178,147.76666
2877,-32.74476,146.23199
2878,-32.82322,144.4954
2879,-32.33578,142.55537
2880,-30.33357,142.09172
2890,-32.831,150.13901
2891,-33.8688,151.209
2898,-31.55247,159.08122
2899,-36.08423,146.92878
2900,-35.41891,149.06381
2901,-35.4197,149.069
2902,-35.38398,149.05445
2903,-35.4027,149.08178
2904,-35.41021,149.1114
2905,-35.43101,149.11002
2906,-35.45676,149.08972
2911,-35.21874,149.13251
2912,-35.17245,149.12355
2913,-35.18897,149.12338
2914,-35.16875,149.13056
3000,-37.81444,144.98258
3001,-37.81444,144.98258
3002,-37.81444,144.98258
3003,-37.81087,144.94959
3004,-37.83183,144.97625
3005,-37.82461,144.95086
3006,-37.82427,144.959
3008,-37.81472,144.94804
3010,-37.79615,144.96135
3011,-37.8071,144.90795
3012,-37.80714,144.86116
3013,-37.81418,144.88869
3015,-37.83824,144.88056
3016,-37.86374,144.88846
3018,-37.86172,144.81274
3019,-37.78468,144.85401
3020,-37.78138,144.82617
3021,-37.74336,144.79669
3022,-37.79594,144.79396
3023,-37.7755,144.7685
3024,-37.8634,144.58016
3025,-37.83556,144.8397
3026,-37.87308,144.70854
3027,-37.90895,144.75044
3028,-37.87507,144.77716
3029,-37.83716,144.70583
3030,-37.91624,144.64209
3031,-37.79119,144.9234
3032,-37.77449,144.89722
3033,-37.74107,144.85764
3034,-37.76123,144.86194
3036,-37.70532,144.82246
3037,-37.71558,144.78047
3038,-37.70045,144.76687
3039,-37.76618,144.92299
3040,-37.75185,144.90256
3041,-37.73146,144.90482
3042,-37.73047,144.87123
3043,-37.69192,144.88837
3044,-37.73114,144.93636
3045,-37.67474,144.8362
3046,-37.70658,144.92797
3047,-37.68111,144.93025
3048,-37.65392,144.92361
3049,-37.67318,144.88849
3050,-37.79892,144.95617
3051,-37.8006,144.94356
3052,-37.789,144.9489
3053,-37.80357,144.96611
3054,-37.78697,144.96724
3055,-37.76358,144.94222
3056,-37.76629,144.96011
3057,-37.77075,144.9783
3058,-37.7399,144.96452
3059,-37.63989,144.87963
3060,-37.70733,144.96787
3061,-37.66627,144.95676
3062,-37.63299,144.93256
3063,-37.59501,144.85608
3064,-37.54652,144.9422
3065,-37.80261,144.97779
3066,-37.80485,144.98691
3067,-37.80351,144.9982
3068,-37.79097,144.98622
3070,-37.77406,144.99974
3071,-37.75943,145.00701
3072,-37.74247,145.0057
3073,-37.71247,145.00596
3074,-37.68468,145.00664
3075,-37.66607,145.00268
3076,-37.6436,145.02214
3078,-37.7783,145.02585
3079,-37.77267,145.04857
3081,-37.74301,145.0464
3082,-37.66486,145.06566
3083,-37.70135,145.05622
3084,-37.74441,145.08268
3085,-37.7244,145.06988
3086,-37.72133,145.04701
3087,-37.71179,145.08243
3088,-37.69751,145.11362
3089,-37.66771,145.15037
3090,-37.66841,145.1078
3091,-37.63748,145.13669
3093,-37.73919,145.11521
3094,-37.71976,145.12473
3095,-37.7133,145.15858
3096,-37.67085,145.18583
3097,-37.69525,145.2242
3099,-37.5921,145.19285
3101,-37.8074,145.03657
3102,-37.7938,145.05219
3103,-37.80947,145.07004
3104,-37.79369,145.08171
3105,-37.77248,145.08481
3106,-37.75834,145.14267
3107,-37.76523,145.11068
3108,-37.78643,145.1258
3109,-37.78479,145.16165
3111,-37.79405,145.18633
3113,-37.75212,145.20469
3114,-37.7786,145.2126
3115,-37.73673,145.26759
3116,-37.73763,145.31309
3121,-37.82375,145.00245
3122,-37.82272,145.0306
3123,-37.82975,145.04942
3124,-37.84087,145.06819
3125,-37.85131,145.101
3126,-37.8272,145.07575
3127,-37.82517,145.09724
3128,-37.82887,145.12239
3129,-37.80696,145.12508
3130,-37.81805,145.14965
3131,-37.8178,145.17449
3132,-37.81922,145.19669
3133,-37.84879,145.1923
3134,-37.80148,145.23763
3135,-37.81959,145.24821
3136,-37.77988,145.2824
3137,-37.81936,145.31335
3138,-37.78391,145.32279
3139,-37.81451,145.53267
3140,-37.75915,145.36318
3141,-37.84068,144.99126
3142,-37.84411,145.01773
3143,-37.85892,145.01939
3144,-37.85744,145.03413
3145,-37.87356,145.04933
3146,-37.85712,145.05783
3147,-37.86786,145.09295
3148,-37.88032,145.09563
3149,-37.88075,145.12812
3150,-37.88944,145.17017
3151,-37.85523,145.15112
3152,-37.86495,145.2217
3153,-37.84512,145.27014
3154,-37.85601,145.31784
3155,-37.8618,145.28442
3156,-37.91793,145.29289
3158,-37.91008,145.32447
3159,-37.92189,145.3892
3160,-37.9351,145.35082
3161,-37.87373,145.01993
3162,-37.89214,145.02339
3163,-37.8965,145.05724
3164,-38.02243,145.23738
3165,-37.92237,145.05943
3166,-37.90281,145.08972
3167,-37.92334,145.08761
3168,-37.91342,145.12665
3169,-37.94515,145.11527
3170,-37.92095,145.16786
3171,-37.94461,145.15678
3172,-37.97598,145.13465
3173,-38.00677,145.16486
3174,-37.96622,145.17877
3175,-38.01611,145.2085
3176,-37.8992,145.23
3177,-37.99099,145.23746
3178,-37.92443,145.24159
3179,-37.89714,145.22263
3180,-37.89326,145.24673
3181,-37.85468,144.9955
3182,-37.86532,144.97948
3183,-37.86907,144.99903
3184,-37.88141,144.98403
3185,-37.89184,145.00257
3186,-37.91507,144.99633
3187,-37.92537,145.01359
3188,-37.93889,145.00724
3189,-37.94202,145.0478
3190,-37.95139,145.03815
3191,-37.95658,145.01347
3192,-37.96565,145.0623
3193,-37.9787,145.03156
3194,-37.98506,145.06736
3195,-38.00702,145.10411
3196,-38.04648,145.12276
3197,-38.07275,145.13411
3198,-38.10319,145.13781
3199,-38.16258,145.13596
3200,-38.12646,145.15757
3201,-38.09287,145.17791
3202,-37.96055,145.0927
3204,-37.91696,145.03678
3205,-37.83169,144.95818
3206,-37.84653,144.95086
3207,-37.83218,144.91804
3211,-37.94359,144.49848
3212,-38.03996,144.42267
3213,-38.02758,144.29169
3214,-38.08478,144.35238
3215,-38.111,144.33452
3216,-38.21591,144.334
3217,-38.16387,144.48211
3218,-38.12717,144.27462
3219,-38.17277,144.38953
3220,-38.15704,144.34652
3221,-38.18161,144.42742
3222,-38.21266,144.56281
3223,-38.14505,144.65679
3224,-38.19139,144.44361
3225,-38.27107,144.61419
3226,-38.26381,144.52376
3227,-38.26305,144.40814
3228,-38.30754,144.29998
3230,-38.40936,144.1764
3231,-38.46319,144.0871
3232,-38.54498,143.97017
3233,-38.67942,143.67178
3234,-38.64923,143.82577
3235,-38.41616,143.93814
3236,-38.5219,143.71238
3237,-38.71684,143.47439
3238,-38.78179,143.42998
3239,-38.56401,143.4481
3240,-38.263,144.17441
3241,-38.20363,143.89282
3242,-38.3467,143.74033
3243,-38.36403,143.82588
3249,-38.39088,143.56266
3250,-38.31151,143.58474
3251,-38.1534,143.63725
3254,-38.28964,143.52228
3260,-38.20958,143.24477
3264,-38.23244,142.88439
3265,-38.17824,142.95237
3266,-38.40709,143.13372
3267,-38.46665,143.06073
3268,-38.52974,142.90065
3269,-38.66064,143.17712
3270,-38.60212,142.87016
3271,-37.88855,142.98753
3272,-37.98219,142.85363
3273,-37.98125,142.66064
3274,-37.96078,142.47861
3275,-38.30179,142.45761
3276,-38.11737,142.44546
3277,-38.38983,142.66022
3278,-38.28735,142.58963
3279,-38.21455,142.65748
3280,-38.37884,142.48289
3281,-38.25445,142.63011
3282,-38.26818,142.35166
3283,-38.31343,142.32876
3284,-38.2704,142.11927
3285,-38.2902,142.05892
3286,-38.01307,141.95948
3287,-38.05987,142.31953
3289,-37.91294,142.22182
3292,-38.03887,141.05199
3293,-37.65595,142.52725
3294,-37.57398,142.31276
3300,-37.74316,142.01336
3301,-38.11886,142.03414
3302,-37.84798,141.70638
3303,-37.98087,141.78961
3304,-38.18208,141.95216
3305,-38.23548,141.43723
3309,-37.82644,141.51101
3310,-37.70789,141.54916
3311,-37.46816,141.22972
3312,-37.62911,141.36865
3314,-37.54709,142.00137
3315,-37.41754,141.67956
3317,-37.16667,141.45165
3318,-37.02532,141.26957
3319,-36.87396,141.05139
3321,-38.08776,143.88056
3322,-38.02133,143.7433
3323,-38.02631,143.52093
3324,-37.94194,143.37541
3325,-37.87745,143.18591
3328,-38.01866,144.04306
3329,-38.00398,143.86337
3330,-37.91844,143.75858
3331,-38.04919,144.19463
3332,-37.94445,144.09718
3333,-37.87179,144.04476
3334,-37.75803,144.08609
3335,-37.71631,144.66669
3336,-37.71901,144.69504
3337,-37.65629,144.56641
3338,-37.71316,144.5786
3340,-37.79123,144.38372
3341,-37.57371,144.30823
3342,-37.65146,144.2391
3345,-37.5878,144.12366
3350,-37.57117,143.86036
3351,-37.75825,143.63746
3352,-37.48409,143.66483
3353,-37.7778,144.83574
3354,-37.56092,143.86716
3355,-37.53028,143.82561
3356,-37.59228,143.82846
3357,-37.65395,143.88342
3358,-37.58013,143.7928
3360,-37.76926,143.52913
3361,-37.75264,143.37309
3363,-37.42557,143.90025
3364,-37.33424,143.91587
3370,-37.25861,143.83371
3371,-37.19491,143.64873
3373,-37.45779,143.34343
3374,-37.23152,142.95692
3375,-37.42429,143.14362
3377,-37.22128,142.96338
3378,-37.52879,142.9854
3379,-37.55989,142.53942
3380,-37.0666,142.77116
3381,-37.00465,142.70753
3384,-37.00118,143.08037
3385,-36.89372,142.61345
3387,-36.81326,142.87471
3388,-36.59786,142.69395
3390,-36.58374,142.48747
3391,-36.09213,142.44601
3392,-36.40075,142.67832
3393,-36.25773,142.38734
3395,-35.9073,142.48769
3396,-35.7157,142.32916
3399,-36.60852,142.35702
3400,-36.72525,142.20373
3401,-36.87623,141.98799
3402,-37.16418,142.6663
3407,-37.29806,141.94837
3409,-36.81741,141.80049
3412,-36.6588,141.36607
3413,-36.69933,141.20107
3414,-36.38863,142.09388
3415,-36.35246,141.3397
3418,-36.07414,141.53807
3419,-36.22601,141.10193
3420,-36.41273,141.01733
3423,-36.13191,141.94076
3424,-35.72779,141.93087
3427,-37.64346,144.70797
3428,-37.59107,144.81149
3429,-37.56762,144.72897
3430,-37.49406,144.80663
3431,-37.47455,144.69202
3432,-37.44846,144.79258
3433,-37.4133,144.75209
3434,-37.35388,144.7508
3435,-37.17945,144.74336
3437,-37.50162,144.51302
3438,-37.45753,144.60203
3440,-37.41338,144.54615
3441,-37.39922,144.60389
3442,-37.33066,144.54885
3444,-37.17179,144.54472
3446,-37.18483,144.37434
3447,-37.15774,144.32249
3448,-37.07536,144.38763
3450,-37.06164,144.2149
3451,-37.12534,144.21419
3453,-36.95036,144.28149
3458,-37.42412,144.33471
3460,-37.3517,144.14422
3461,-37.28785,144.17099
3462,-37.08356,144.05361
3463,-36.96268,144.05934
3464,-37.01981,143.84141
3465,-37.02148,143.61134
3467,-37.10599,143.41268
3468,-37.26148,143.37949
3469,-37.17296,143.28063
3472,-36.86495,143.65764
3475,-36.70633,143.51213
3477,-36.73225,143.1627
3478,-36.68855,143.2307
3480,-36.31069,142.9844
3482,-36.17028,142.76659
3483,-35.90177,142.8908
3485,-35.71153,142.67196
3487,-35.51563,142.61608
3488,-35.44739,142.4355
3489,-35.33248,142.4253
3490,-35.00537,142.07715
3491,-35.4341,142.21827
3494,-34.48641,142.34832
3496,-34.27179,141.71571
3498,-34.23839,142.17252
3500,-34.1931,142.15416
3501,-34.24328,142.1009
3502,-37.97289,145.25835
3505,-34.18053,142.00419
3506,-35.2042,141.38588
3507,-35.1206,142.03566
3509,-35.15503,141.68039
3512,-35.30166,141.08752
3515,-36.76866,144.06317
3516,-36.60762,144.04172
3517,-36.48312,143.88683
3518,-36.47494,143.58622
3520,-36.40577,143.81079
3521,-37.09007,144.91269
3522,-37.05786,144.73184
3523,-36.83746,144.76836
3525,-36.27263,143.33673
3527,-36.07612,143.27626
3529,-35.82426,143.23268
3530,-35.70689,143.13497
3531,-35.61641,142.94381
3533,-35.37992,142.78105
3537,-36.07934,143.74445
3540,-35.89277,143.45008
3542,-35.71377,143.39566
3544,-35.51465,143.19119
3546,-35.07621,142.84322
3549,-34.72699,142.81042
3550,-36.76427,144.28485
3551,-36.78316,144.46467
3552,-36.76427,144.2786
3554,-36.757,144.279
3555,-36.77723,144.24524
3556,-36.65642,144.17828
3557,-36.63511,144.57679
3558,-36.52036,144.64368
3559,-36.57852,144.81685
3561,-36.32812,144.71026
3562,-36.06254,144.46276
3563,-36.25625,144.51559
3564,-36.16985,144.71971
3565,-36.18234,144.51171
3566,-35.94575,144.38333
3567,-35.93167,144.26294
3568,-35.80946,144.18409
3570,-36.5153,144.28053
3571,-36.36819,144.20686
3572,-36.26664,144.25714
3573,-36.16486,144.29796
3575,-36.05573,144.15903
3576,-36.12803,143.91752
3579,-35.76323,143.76463
3580,-35.63976,144.09467
3581,-35.62833,143.78521
3583,-35.50964,143.66458
3584,-35.43103,143.63762
3585,-35.3443,143.32834
3586,-35.11402,143.79259
3588,-35.29429,143.47033
3589,-35.22844,143.44125
3590,-35.23571,143.49353
3591,-35.20221,143.39409
3594,-35.13815,143.34603
3595,-35.20275,143.35168
3596,-35.12381,143.32768
3597,-34.96536,143.18979
3599,-34.72974,143.14323
3607,-36.83971,145.17976
3608,-36.74071,145.09575
3610,-36.57763,145.22935
3612,-36.57129,145.03129
3614,-36.4814,145.28493
3616,-36.46719,145.13667
3617,-36.42382,145.17837
3618,-36.37708,145.12501
3619,-37.65957,144.9363
3620,-36.29713,145.08312
3621,-36.2185,144.96858
3622,-36.23196,144.87573
3623,-36.46138,144.97681
3624,-36.41019,144.96576
3629,-36.28731,145.26065
3630,-36.38085,145.40318
3631,-36.42869,145.52669
3632,-36.54446,145.60324
3633,-36.30794,145.46296
3634,-36.22419,145.44032
3635,-36.1426,145.30827
3636,-36.09388,145.47947
3637,-36.05069,145.32903
3638,-36.03202,145.24657
3639,-36.0213,145.04725
3640,-36.00978,145.48602
3641,-35.89718,145.42831
3643,-35.95536,145.63187
3644,-35.92592,145.64552
3646,-36.24713,145.7119
3647,-36.38533,145.70447
3649,-36.08266,145.68867
3658,-37.24163,145.108
3659,-37.11034,145.07088
3660,-37.03602,145.24019
3661,-38.19599,146.53535
3662,-36.93743,144.95443
3663,-36.91088,145.15886
3664,-36.91137,145.35083
3665,-36.84409,145.35763
3666,-36.78659,145.54831
3669,-36.61364,145.717
3670,-36.62375,145.85245
3671,-36.38514,145.42069
3672,-36.55494,145.97776
3673,-36.66993,146.06251
3675,-36.56508,146.26683
3676,-36.34125,146.33861
3677,-36.35802,146.33056
3678,-36.68892,146.48244
3682,-36.17427,146.42866
3683,-36.18079,146.60462
3685,-36.05215,146.47193
3687,-36.01877,146.41593
3688,-36.11919,146.71719
3689,-37.67576,144.98979
3690,-36.13572,146.86436
3691,-36.05163,147.75588
3694,-36.15068,146.91949
3695,-36.30429,147.12367
3697,-36.68753,147.17925
3698,-36.72203,147.14947
3699,-36.84171,147.31585
3700,-36.29884,147.33585
3701,-36.54887,147.41516
3704,-36.13261,147.49344
3705,-36.32288,147.76991
3707,-36.54541,148.03187
3708,-36.07093,147.94206
3709,-36.02406,147.69324
3711,-37.41047,145.68216
3712,-37.3209,145.83906
3713,-37.23033,145.89756
3714,-37.20128,145.7019
3715,-36.98575,145.73942
3717,-37.28661,145.43578
3718,-37.14407,145.54096
3719,-37.04122,145.60849
3720,-37.01724,145.8503
3722,-37.20263,146.25327
3723,-36.93505,146.25132
3724,-37.05311,146.07683
3725,-36.41436,145.93733
3726,-36.33225,145.96021
3727,-36.24244,145.95778
3728,-36.14892,145.95901
3730,-36.04972,145.95375
3732,-36.68681,146.31375
3733,-36.81209,146.31634
3735,-36.51571,146.60357
3736,-36.45514,146.47949
3737,-36.6318,146.84289
3738,-36.58792,146.75397
3739,-36.64102,146.86419
3740,-36.73169,146.83456
3741,-36.96232,147.06316
3744,-36.78848,146.95979
3746,-36.31396,146.51767
3747,-36.36106,146.72571
3749,-36.38886,146.85294
3750,-37.59608,145.00558
3751,-37.55465,145.0529
3752,-37.6191,145.07435
3753,-37.47647,144.95951
3754,-37.59355,145.11299
3755,-37.5639,145.14203
3756,-37.41233,144.95664
3757,-37.46978,145.18222
3758,-37.35465,145.05255
3759,-37.65038,145.24728
3760,-37.627,145.28834
3761,-37.58563,145.29238
3762,-37.35414,144.93671
3763,-37.52186,145.35338
3764,-37.26374,144.90064
3765,-37.81477,145.34662
3766,-37.81782,145.38495
3767,-37.83939,145.34751
3770,-37.70878,145.416
3775,-37.64285,145.36599
3777,-37.60609,145.5138
3778,-37.53749,145.62301
3779,-37.53927,145.78475
3781,-37.93847,145.48786
3782,-37.93807,145.43302
3783,-37.94738,145.59658
3785,-37.88514,145.31673
3786,-37.87819,145.33243
3787,-37.86679,145.35089
3788,-37.84804,145.37713
3789,-37.88977,145.35734
3791,-37.89692,145.37962
3792,-37.89424,145.40539
3793,-37.87453,145.42971
3795,-37.83666,145.43031
3796,-37.78698,145.38492
3797,-37.86781,145.78634
3799,-37.72757,145.81851
3800,-37.91054,145.13494
3802,-37.97176,145.2556
3803,-38.00944,145.26552
3804,-37.98006,145.32599
3805,-38.03703,145.3042
3806,-38.02502,145.34949
3807,-38.04832,145.37163
3808,-38.00252,145.42327
3809,-38.06909,145.40689
3810,-38.04658,145.47251
3812,-38.07014,145.5653
3813,-38.06425,145.63434
3814,-38.10718,145.66911
3815,-38.01378,145.72631
3816,-38.04354,145.78799
3818,-38.09629,145.86734
3820,-38.20748,145.92221
3821,-37.94499,145.94054
3822,-38.19438,145.9899
3823,-38.21038,146.06566
3824,-38.24565,146.16397
3825,-37.96467,146.35272
3831,-37.99326,146.01314
3832,-37.91994,145.94521
3833,-37.83951,146.03895
3835,-38.29064,146.17527
3840,-38.24522,146.42446
3841,-37.5832,147.463
3842,-38.31545,146.41436
3844,-38.33306,146.62334
3847,-38.19809,146.78343
3850,-38.22419,147.10618
3851,-38.04846,147.08497
3852,-38.10569,147.13672
3853,-38.09557,146.05995
3854,-38.12413,146.59688
3856,-38.06391,146.67221
3857,-38.01862,146.69489
3858,-37.66158,146.64366
3859,-37.88614,146.84826
3860,-37.6091,146.86826
3862,-37.58885,147.21183
3864,-37.86088,147.34151
3865,-37.79674,147.45595
3869,-38.36469,146.35984
3870,-38.44285,146.33077
3871,-38.42017,146.16073
3873,-38.29827,146.70878
3874,-38.51444,146.83625
3875,-37.79565,147.63201
3878,-37.89854,147.68012
3880,-37.91473,147.72739
3882,-37.81202,147.76439
3885,-37.27559,148.11564
3886,-37.77098,148.42685
3887,-37.75789,148.11664
3888,-37.36692,148.65953
3889,-37.61426,148.86656
3890,-37.56649,149.21722
3891,-37.56768,149.53891
3892,-37.56377,149.90987
3893,-37.49535,147.86607
3895,-37.38468,147.89333
3896,-37.26467,147.70796
3898,-37.05701,147.47641
3900,-36.88053,147.82614
3902,-37.79704,147.81489
3903,-37.8113,147.86753
3904,-37.88104,147.83937
3909,-37.82192,147.97024
3910,-38.15637,145.19833
3911,-38.19691,145.16956
3912,-38.21799,145.22737
3913,-38.26227,145.16643
3915,-38.30581,145.13662
3916,-38.4152,145.05059
3918,-38.33987,145.15555
3919,-38.35233,145.19978
3920,-38.38752,145.19304
3921,-38.41823,145.36763
3922,-38.48218,145.23197
3923,-38.46555,145.29363
3925,-38.52821,145.37968
3926,-38.35523,145.0945
3927,-38.38337,145.15327
3928,-38.40783,144.97513
3929,-38.46097,144.97667
3930,-38.19502,145.09374
3931,-38.23004,145.0495
3933,-38.26117,145.09699
3934,-38.2783,145.0316
3936,-38.32645,145.00763
3937,-38.37369,145.01994
3938,-38.35432,144.93183
3939,-38.42776,144.90041
3940,-38.3785,144.87426
3941,-38.39608,144.8272
3942,-38.36787,144.7683
3943,-38.34553,144.7391
3944,-38.32187,144.69271
3945,-38.38158,145.69705
3946,-38.44815,145.72354
3950,-38.43522,145.81295
3951,-38.47372,145.79842
3953,-38.45646,145.99686
3954,-38.55038,145.93797
3956,-38.64153,145.95283
3957,-38.5893,146.12672
3958,-38.67384,145.98706
3959,-38.73464,146.06653
3960,-39.14076,146.36041
3962,-38.59472,146.36394
3964,-38.68512,146.2788
3965,-38.69344,146.47213
3966,-38.63057,146.43658
3967,-38.64756,146.50793
3971,-38.63707,146.80245
3975,-38.05354,145.23111
3976,-38.044,145.2643
3977,-38.13177,145.26392
3978,-38.13501,145.38461
3979,-38.44818,145.59128
3980,-38.20445,145.35694
3981,-38.2073,145.575
3984,-38.31265,145.56398
3987,-38.30905,145.68914
3988,-38.31345,145.81186
3989,-31.8251,144.96394
3990,-38.4554,145.50128
3991,-38.48304,145.46678
3992,-38.56914,145.53431
3995,-38.57807,145.63071
3996,-38.62956,145.74561
4000,-27.46845,153.023
4001,-27.60348,152.82314
4002,-27.4693,153.027
4003,-24.87243,152.34846
4004,-24.04527,149.31659
4005,-27.4631,153.04675
4006,-27.36618,153.17524
4007,-27.43609,153.06191
4008,-27.39755,153.1365
4009,-27.40575,153.10525
4010,-27.43324,153.04354
4011,-27.41948,153.05975
4012,-27.39934,153.05355
4013,-27.39706,153.07498
4014,-27.37395,153.08478
4017,-27.31807,153.04734
4018,-27.34907,153.0318
4019,-27.24834,153.0885
4020,-27.21344,153.1023
4021,-27.2201,153.07529
4022,-27.21189,153.04641
4025,-27.15988,153.39565
4029,-27.44934,153.02644
4030,-27.42687,153.02968
4031,-27.40854,153.0307
4032,-27.38561,153.01945
4034,-27.35471,153.04005
4035,-27.35602,152.97908
4036,-27.31402,153.00873
4037,-27.34113,152.93652
4051,-27.42751,153.0003
4053,-27.39957,152.98725
4054,-27.40982,152.95601
4055,-27.39368,152.92424
4059,-27.45207,153.00889
4060,-27.44433,152.98454
4061,-27.45085,152.94426
4064,-27.46468,152.99904
4065,-27.4625,152.97599
4066,-27.47987,152.96415
4067,-27.50052,153.00504
4068,-27.50691,152.97693
4069,-27.50278,152.89891
4070,-27.55994,152.87114
4072,-27.54896,152.33009
4073,-27.54918,152.95138
4074,-27.55408,152.92152
4075,-27.55213,152.97562
4076,-27.58456,152.92107
4077,-27.60555,152.96782
4078,-27.61265,152.95058
4101,-27.48425,153.00966
4102,-27.49546,153.0328
4103,-27.51218,153.02877
4104,-27.51576,153.01154
4105,-27.53444,153.01889
4106,-27.55214,153.00462
4107,-27.55205,153.03064
4108,-24.94761,150.6048
4109,-27.57925,153.05745
4110,-26.62392,152.10509
4111,-27.55064,153.05223
4112,-27.61113,153.08784
4113,-27.59072,153.07793
4114,-27.65281,153.11076
4115,-27.64384,153.0225
4116,-27.63399,153.05079
4117,-27.64469,153.08304
4118,-27.67381,153.02732
4119,-27.6115,153.10977
4120,-27.50871,153.04422
4121,-27.52697,153.05395
4122,-27.54332,153.08816
4123,-27.58353,153.11615
4124,-27.71931,152.9595
4125,-27.73043,153.04108
4127,-27.62947,153.14203
4128,-27.6524,153.17421
4129,-27.68152,153.18682
4130,-27.66924,153.24333
4131,-27.66991,153.13607
4132,-27.68106,153.0844
4133,-27.72384,153.10266
4151,-27.50081,153.05861
4152,-27.50135,153.09681
4153,-27.51003,153.13143
4154,-27.49069,153.15873
4155,-27.5181,153.15645
4156,-27.55886,153.15418
4157,-27.56818,153.2071
4158,-27.48769,153.1998
4159,-27.50229,153.20962
4160,-27.50641,153.24331
4161,-27.53341,153.22686
4163,-27.53522,153.26571
4164,-27.56996,153.26083
4165,-27.62398,153.2638
4169,-27.48418,153.04098
4170,-27.47078,153.07423
4171,-23.28785,150.39952
4172,-27.45877,153.10333
4173,-27.47581,153.12063
4174,-27.45009,153.12942
4178,-27.4212,153.22577
4179,-27.39082,153.23404
4183,-27.54701,153.45174
4184,-27.6765,153.38466
4205,-27.68739,153.15629
4207,-27.73824,153.20173
4208,-27.76703,153.27631
4209,-27.8055,153.39289
4210,-27.93221,153.27948
4211,-28.03545,153.24126
4212,-27.87787,153.35772
4213,-28.1113,153.31792
4214,-27.96701,153.36558
4215,-27.96713,153.39795
4216,-27.83935,153.41941
4217,-28.00878,153.4122
4218,-28.03763,153.41692
4219,-28.11175,153.4342
4220,-28.08495,153.43441
4221,-28.12732,153.45837
4222,-27.55064,153.05223
4223,-28.19076,153.41509
4224,-28.15022,153.48933
4225,-28.16902,153.52053
4226,-28.06794,153.40282
4227,-28.10189,153.41039
4228,-28.18208,153.37739
4229,-28.07789,153.41314
4230,-28.07747,153.38531
4270,-27.86235,153.13557
4271,-27.91838,153.20147
4272,-27.9546,153.18684
4275,-28.103,153.13794
4280,-27.81923,153.02043
4285,-28.04391,152.97113
4287,-28.25914,152.82297
4300,-27.68385,152.88605
4301,-27.62939,152.85809
4303,-27.60459,152.84019
4304,-27.62066,152.80457
4305,-27.62752,152.7537
4306,-27.48983,152.72797
4307,-27.8518,152.5924
4309,-27.98728,152.52337
4310,-28.1214,152.6006
4311,-27.41768,152.43812
4312,-27.25606,152.48264
4313,-27.08952,152.32154
4314,-26.86608,152.13839
4340,-27.80345,152.4727
4341,-27.68768,152.39666
4342,-27.54385,152.37769
4343,-27.65607,152.22462
4344,-27.57359,152.06363
4345,-27.54909,152.33638
4346,-27.56237,152.58823
4347,-27.65506,152.1427
4350,-27.57631,151.85269
4352,-27.62121,151.94711
4353,-27.25698,151.90458
4354,-27.34388,151.88792
4355,-27.18637,152.01761
4356,-27.66307,151.55027
4357,-27.95765,151.10387
4358,-27.72755,151.8812
4359,-27.79142,152.0247
4360,-27.8538,151.90704
4361,-27.96521,151.94828
4362,-28.04555,151.92468
4363,-27.67665,151.7397
4364,-27.71049,151.39618
4365,-28.01715,151.59753
4370,-28.21826,152.02906
4371,-28.19902,152.23424
4372,-28.30307,152.23309
4373,-28.3099,152.37666
4374,-28.4098,151.76521
4375,-28.52056,151.88844
4376,-28.54149,151.93378
4377,-28.56611,151.9793
4378,-28.61395,151.95549
4380,-28.68873,151.82536
4381,-28.75703,151.85504
4382,-28.83243,151.83224
4383,-28.92256,151.95889
4384,-28.72801,151.18321
4385,-28.77552,151.21459
4387,-28.34163,150.96784
4388,-28.5088,150.64626
4390,-28.22891,150.32102
4400,-27.4855,151.8563
4401,-27.46317,151.70291
4402,-26.97898,151.80397
4403,-27.32063,151.59696
4404,-27.33128,151.48067
4405,-27.29461,150.98444
4406,-27.29576,151.16037
4407,-27.56368,150.96198
4408,-26.83571,151.39305
4410,-26.74979,151.10227
4411,-26.90398,150.89467
4412,-26.83584,150.79881
4413,-26.5446,150.60793
4415,-26.62193,150.1933
4416,-26.99575,149.79804
4417,-27.3482,149.07017
4418,-26.29017,150.14332
4419,-26.04577,149.90168
4420,-25.44063,149.58437
4421,-27.32437,150.4443
4422,-27.72492,149.682
4423,-27.3838,149.52538
4424,-26.59839,149.96027
4425,-26.64907,149.77314
4426,-26.53991,149.59043
4427,-26.75002,149.38194
4428,-26.40373,149.20649
4454,-25.54716,148.56527
4455,-26.73282,148.69023
4461,-26.66391,148.29388
4462,-26.46993,148.20838
4465,-26.68616,147.88782
4467,-26.30014,147.47153
4468,-26.25922,146.92743
4470,-26.40546,146.10728
4471,-27.63112,145.89216
4472,-24.78415,145.14118
4474,-25.66699,144.49528
4475,-26.84491,144.97537
4477,-26.22291,148.32457
4478,-24.8894,146.39941
4479,-26.72402,145.3975
4480,-26.2485,143.27416
4481,-25.37758,141.58127
4482,-25.60309,139.32327
4486,-28.61221,147.83012
4487,-27.93119,148.40851
4488,-28.07102,147.23432
4489,-27.25857,145.65574
4490,-28.41805,145.59626
4491,-27.91583,145.08366
4492,-28.02435,142.9669
4493,-28.94171,144.56036
4494,-28.14351,149.60655
4496,-28.36499,149.26797
4497,-28.64548,148.75358
4498,-28.41598,149.8247
4500,-27.30784,152.93944
4501,-27.27763,152.9462
4502,-27.26497,152.96681
4503,-27.24064,152.99319
4504,-27.18662,152.93208
4505,-27.14953,152.98599
4506,-27.1284,152.93629
4507,-26.98778,153.12414
4508,-27.1812,153.01372
4509,-27.22733,153.01557
4510,-26.4565,152.36142
4511,-27.07793,153.0808
4512,-27.02248,152.85831
4513,-27.09964,152.87874
4514,-26.9213,152.73785
4515,-26.86339,152.52903
4516,-27.00554,152.95724
4517,-26.95108,152.98765
4518,-26.90243,152.98603
4519,-26.84939,152.91803
4520,-27.31751,152.81343
4521,-27.16977,152.78617
4550,-26.81208,152.97135
4551,-26.81815,153.09382
4552,-26.73431,152.7669
4553,-26.7718,153.01796
4554,-26.73169,152.96504
4555,-26.6917,152.95452
4556,-26.70038,153.04978
4557,-26.68632,153.11342
4558,-26.65507,153.07537
4559,-26.66324,152.96501
4560,-26.63509,152.91738
4561,-26.53149,152.96481
4562,-26.50586,152.80309
4563,-26.42575,152.90921
4564,-26.61236,153.07924
4565,-26.16751,153.04251
4566,-26.41173,153.04742
4567,-26.4086,153.09696
4568,-26.31399,152.87661
4569,-26.33457,152.82284
4570,-26.15383,152.61694
4571,-26.21974,152.93188
4572,-26.67159,153.102
4573,-26.51419,153.06857
4574,-26.63037,152.76113
4575,-26.74204,153.11948
4580,-25.891,152.92899
4581,-25.84163,153.10744
4600,-26.0551,152.22108
4601,-26.145,152.01241
4605,-26.117,151.87697
4606,-26.26117,151.82308
4608,-26.35256,151.74134
4610,-26.5769,151.52257
4611,-26.17672,151.77601
4612,-26.00464,151.58981
4613,-26.27977,151.3389
4614,-26.84833,151.96467
4615,-26.65956,152.01043
4620,-25.55705,152.28087
4621,-25.53583,152.0428
4625,-25.56762,151.64853
4626,-25.75828,151.12293
4627,-25.35018,150.77866
4630,-24.86067,150.9755
4650,-25.64189,152.7858
4655,-25.33984,152.79231
4659,-25.26628,152.56868
4660,-25.1893,152.30097
4662,-25.34721,152.59878
4670,-24.87955,152.29274
4671,-25.07653,151.78638
4673,-24.72964,152.08882
4674,-24.6885,151.87253
4676,-24.63232,151.62196
4677,-24.31847,151.72774
4678,-24.1469,151.63429
4680,-23.47847,151.86616
4694,-23.8067,151.11578
4695,-23.80712,150.96586
4697,-23.71136,150.81952
4699,-23.65789,150.64317
4700,-23.18017,150.95811
4701,-23.35594,150.55565
4702,-23.43826,150.67772
4703,-23.07456,150.89433
4704,-23.13574,150.38116
4705,-22.77175,149.71921
4706,-22.58087,149.67538
4707,-22.51501,149.23551
4709,-23.05965,148.42916
4710,-23.25722,150.82635
4711,-23.25253,150.47623
4712,-23.69521,149.67373
4713,-24.11414,149.43096
4714,-23.66268,150.39491
4715,-24.39362,150.45869
4716,-24.48347,150.80605
4717,-23.63282,148.89133
4718,-24.67505,149.61503
4719,-24.99957,150.21377
4720,-23.63223,148.17893
4721,-22.55462,147.32155
4722,-24.34076,147.79774
4723,-23.03136,148.13829
4724,-23.63326,146.76924
4725,-23.65767,145.17287
4726,-22.54183,145.54798
4727,-23.51564,144.61698
4728,-23.14546,146.10519
4730,-23.78437,143.45201
4731,-24.69589,144.24817
4732,-22.4112,144.56633
4733,-21.77123,143.50303
4735,-22.81058,141.86177
4736,-24.93661,143.10313
4737,-21.43004,149.17807
4738,-21.62224,149.26745
4739,-21.93057,149.39505
4740,-21.35031,149.10047
4741,-20.8086,149.2717
4742,-21.72803,148.57204
4743,-21.45373,147.90699
4744,-22.01839,148.04513
4745,-22.49788,148.25959
4746,-22.85194,148.85093
4750,-21.04257,149.15228
4751,-21.22186,149.0407
4753,-21.16902,148.95255
4754,-21.18806,148.83276
4756,-21.12633,148.60968
4757,-21.05427,148.50081
4798,-20.88991,148.73779
4799,-20.72042,148.62201
4800,-20.45579,148.51547
4801,-20.0533,148.88717
4802,-20.27107,148.98904
4803,-20.35407,148.95882
4804,-20.86795,147.51846
4805,-20.01661,148.45799
4806,-19.85103,147.4273
4807,-19.89437,147.15793
4808,-19.51007,147.3044
4809,-19.53085,147.13982
4810,-19.2262,146.76579
4811,-19.32311,146.84033
4812,-19.28663,146.78772
4813,-19.33893,146.78637
4814,-19.28582,146.75474
4815,-19.4035,146.69172
4816,-19.73859,146.7704
4817,-19.3105,146.65231
4818,-19.24032,146.55897
4819,-19.13956,146.83501
4820,-20.29437,146.2697
4821,-20.88493,144.2076
4822,-20.5955,142.96453
4823,-19.21447,141.24375
4824,-20.76831,140.63413
4825,-20.95642,137.70597
4828,-19.54375,138.35072
4829,-23.32994,140.22124
4830,-17.81476,138.87976
4849,-18.26565,146.02793
4850,-18.56317,146.48882
4852,-17.83992,146.09889
4854,-18.01755,145.84275
4855,-17.81219,146.01211
4856,-17.74267,145.9391
4857,-17.74886,146.05918
4858,-17.62258,146.07881
4859,-17.60361,145.95776
4860,-17.52174,145.89438
4861,-17.35282,145.87217
4865,-17.0782,145.79142
4868,-16.97975,145.73182
4869,-17.02559,145.73042
4870,-16.92621,145.73881
4871,-17.04604,145.72407
4872,-17.99833,145.10857
4873,-16.24578,145.30525
4874,-12.41308,142.37426
4875,-9.5849,143.76921
4876,-11.18831,142.47086
4877,-16.53529,145.4676
4878,-16.83938,145.71153
4879,-16.78978,145.66647
4880,-16.99201,145.34566
4881,-17.14362,145.47095
4882,-17.20252,145.47284
4883,-17.33327,145.47666
4884,-17.27222,145.65142
4885,-17.38419,145.62414
4886,-17.53568,145.63379
4887,-17.39644,145.38805
4888,-17.49934,145.49105
4890,-17.74187,141.18506
4891,-17.44738,140.92883
4892,-14.6604,143.3735
4895,-16.07163,145.26785
5000,-34.93646,138.60776
5001,-34.9285,138.60075
5005,-34.9194,138.60351
5006,-34.91152,138.5845
5007,-34.90326,138.56787
5008,-34.88751,138.55941
5009,-34.89691,138.54249
5010,-34.8575,138.55832
5011,-34.88027,138.53072
5012,-34.86303,138.54164
5013,-34.84198,138.55345
5014,-34.86475,138.50925
5015,-34.81911,138.5203
5016,-34.82452,138.4938
5017,-34.80649,138.49813
5018,-34.77906,138.49958
5019,-34.84771,138.47705
5020,-34.86732,138.48164
5021,-34.86628,138.49291
5022,-34.90546,138.49264
5023,-34.90073,138.51199
5024,-34.94883,138.50605
5025,-34.91238,138.52957
5031,-34.93693,138.57087
5032,-34.93573,138.54436
5033,-34.93886,138.55845
5034,-34.95623,138.58811
5035,-34.95208,138.57519
5037,-34.9574,138.54583
5038,-34.96805,138.54837
5039,-34.97626,138.57074
5040,-34.96308,138.52741
5041,-35.00298,138.59418
5042,-35.00774,138.57435
5043,-35.00549,138.55385
5044,-35.00121,138.51631
5045,-34.97712,138.51697
5046,-35.00379,138.53543
5047,-35.0307,138.54657
5048,-35.01742,138.52046
5049,-35.04539,138.52272
5050,-35.02631,138.60127
5051,-35.03377,138.62041
5052,-35.00389,138.61868
5061,-34.9572,138.60648
5062,-35.00406,138.60239
5063,-34.95432,138.62148
5064,-34.96319,138.64918
5065,-34.94036,138.63397
5066,-34.94096,138.66029
5067,-34.91998,138.63057
5068,-34.9226,138.655
5069,-34.9076,138.62353
5070,-34.9005,138.64217
5071,-34.92291,138.62301
5072,-34.91208,138.69611
5073,-34.89528,138.68315
5074,-34.88423,138.66927
5075,-34.86133,138.67525
5076,-34.87384,138.70368
5081,-34.89142,138.61767
5082,-34.88602,138.58708
5083,-34.87936,138.60993
5084,-34.86441,138.5816
5085,-34.85719,138.61535
5086,-34.85425,138.64344
5087,-34.87699,138.63771
5088,-34.84714,138.67378
5089,-34.85105,138.72449
5090,-34.84335,138.70463
5091,-34.82261,138.73557
5092,-34.82132,138.68023
5093,-34.83977,138.65797
5094,-34.80274,138.58151
5095,-34.82068,138.6199
5096,-34.79855,138.64469
5097,-34.81961,138.70726
5098,-34.8296,138.63895
5106,-34.79317,138.62946
5107,-34.78445,138.60987
5108,-34.76155,138.61884
5109,-34.77446,138.66233
5110,-34.72213,138.56504
5111,-34.71295,138.63531
5112,-34.72623,138.66662
5113,-34.70271,138.67263
5114,-34.71868,138.75425
5115,-34.66949,138.6817
5116,-34.62278,138.72406
5117,-34.64127,138.63654
5118,-34.58465,138.7074
5120,-34.66855,138.5079
5121,-34.68295,138.62481
5125,-34.77323,138.73873
5126,-34.79341,138.72495
5127,-34.79668,138.67466
5131,-34.79529,138.75811
5132,-34.85732,138.75703
5133,-34.81093,138.77698
5134,-34.89186,138.76055
5136,-34.92112,138.73511
5137,-34.94578,138.73596
5138,-34.93491,138.76859
5139,-34.92484,138.7887
5140,-34.93924,138.7102
5141,-34.95732,138.72242
5142,-34.96081,138.74022
5144,-34.9685,138.76903
5150,-35.01089,138.65494
5151,-34.97428,138.7239
5152,-34.9984,138.70396
5153,-35.09834,138.76143
5154,-35.02325,138.73592
5155,-35.02008,138.75673
5156,-35.03019,138.6567
5157,-35.14349,138.63312
5158,-35.08201,138.51928
5159,-35.06171,138.6039
5160,-35.11012,138.50172
5161,-35.09638,138.51565
5162,-35.11212,138.56522
5163,-35.1508,138.54621
5164,-35.12482,138.50036
5165,-35.13739,138.47509
5166,-35.11825,138.47683
5167,-35.16687,138.48121
5168,-35.14974,138.49632
5169,-35.19421,138.47796
5170,-35.23727,138.47894
5171,-35.19648,138.55344
5172,-35.28775,138.55517
5173,-35.29057,138.47
5174,-35.33057,138.47117
5201,-35.20787,138.71803
5202,-35.38602,138.50592
5203,-35.45084,138.38813
5204,-35.57216,138.32457
5210,-35.38771,138.65568
5211,-35.5637,138.61944
5212,-35.5208,138.66878
5213,-35.50062,138.71019
5214,-35.49121,138.83481
5220,-35.74496,137.23675
5221,-35.79378,137.72022
5222,-35.80312,137.92009
5223,-35.78616,137.53965
5231,-34.80293,138.82719
5232,-34.85545,138.81596
5233,-34.84383,138.88589
5234,-34.80514,138.96607
5235,-34.68801,139.07815
5236,-34.82943,139.0517
5237,-34.82311,139.19187
5238,-34.86489,139.48456
5240,-34.90691,138.81528
5241,-34.89717,138.86436
5242,-34.99842,138.81913
5243,-34.96322,138.82816
5244,-34.93866,138.94638
5245,-35.03159,138.79997
5250,-35.04361,138.86191
5251,-35.08506,138.89115
5252,-35.05009,138.94587
5253,-35.11153,139.27622
5254,-35.08072,139.38978
5255,-35.24854,138.97586
5256,-35.48868,139.01364
5259,-35.51442,139.24436
5260,-35.25872,139.52956
5261,-35.59601,139.93516
5262,-36.78052,140.90454
5263,-37.30704,140.83844
5264,-35.66995,139.27574
5265,-35.71882,139.74342
5266,-35.90284,139.81554
5267,-36.08425,140.34237
5268,-36.18938,140.7882
5269,-36.38927,140.84258
5270,-36.40769,140.5956
5271,-36.87936,140.64709
5272,-37.16286,140.3218
5273,-36.94259,140.24606
5275,-36.61323,139.93713
5276,-37.21415,139.91738
5277,-37.40971,140.81827
5278,-37.50556,140.67615
5279,-37.57469,140.46249
5280,-37.50606,140.3045
5290,-37.83984,140.76454
5291,-37.9227,140.72431
5301,-35.45646,140.02354
5302,-35.57951,140.32532
5303,-35.19138,140.68532
5304,-35.42638,140.74476
5306,-35.0968,139.69089
5307,-35.03756,140.24215
5308,-34.62713,140.05065
5309,-34.85067,140.11439
5310,-34.79483,140.36731
5311,-34.68935,140.73125
5320,-34.005,139.6235
5321,-34.0485,139.77071
5322,-34.17788,139.95594
5330,-33.97265,140.02949
5331,-34.21707,140.3182
5332,-34.2511,140.28104
5333,-34.47278,140.63364
5340,-34.19562,140.80011
5341,-33.77509,140.73375
5342,-34.2403,140.55187
5343,-34.32129,140.55618
5344,-34.28534,140.51443
5345,-34.18703,140.45451
5346,-34.25001,140.3972
5350,-34.5509,138.83423
5351,-34.6409,138.88648
5352,-34.54704,138.95954
5353,-34.57894,139.36998
5354,-34.54122,139.62268
5355,-34.44397,139.00789
5356,-34.3728,139.28108
5357,-34.33498,139.54088
5360,-34.44681,138.89795
5371,-34.49233,138.76303
5372,-34.43592,138.79855
5373,-34.30301,138.93034
5374,-34.15248,139.12488
5381,-33.9561,139.13215
5400,-34.45754,138.68003
5401,-34.29774,138.65987
5410,-34.36682,138.76833
5411,-34.25636,138.77235
5412,-34.18289,138.77527
5413,-34.08028,138.88346
5414,-33.94943,138.77366
5415,-33.94268,138.72288
5416,-33.81406,138.83666
5417,-33.46741,139.86582
5418,-33.35733,139.14383
5419,-33.39774,138.89334
5420,-33.25259,138.96123
5421,-33.13467,138.98583
5422,-32.93984,138.80379
5431,-32.27837,138.86895
5432,-32.07238,138.77479
5433,-32.23141,138.0799
5434,-31.63812,138.75799
5440,-32.08988,140.15343
5451,-34.09223,138.62088
5452,-33.96945,138.65278
5453,-33.80293,138.58268
5454,-33.48615,138.61607
5455,-33.67395,138.63347
5460,-34.31243,138.51797
5461,-34.09531,138.44446
5462,-33.89638,138.43015
5464,-33.67642,138.39411
5470,-33.57538,138.48268
5471,-33.47611,138.42432
5472,-33.38723,138.41029
5473,-33.25713,138.35128
5480,-33.12575,138.31983
5481,-33.01245,138.23972
5482,-32.8422,138.35735
5483,-32.8863,138.12371
5485,-32.54638,138.20704
5490,-33.14738,138.45191
5491,-33.21714,138.59212
5493,-33.01503,138.7466
5495,-32.95255,137.97132
5501,-34.59507,138.548
5502,-34.50554,138.57071
5510,-33.9491,138.18899
5520,-33.76911,138.12018
5521,-33.56755,138.21004
5522,-33.57819,138.00332
5523,-33.37189,138.14008
5540,-33.21712,138.06662
5550,-34.09304,138.24379
5552,-34.07108,137.93411
5554,-33.92961,137.7715
5555,-33.65207,138.19348
5556,-33.95085,137.61083
5558,-34.10521,137.59845
5560,-33.89505,138.03187
5570,-34.27271,137.94535
5571,-34.4981,137.82328
5572,-34.23714,137.81253
5573,-34.503,137.50567
5575,-34.8201,137.54127
5576,-35.05077,137.56046
5577,-34.98078,137.25765
5580,-34.65316,137.78682
5581,-34.78963,137.74883
5582,-34.94231,137.73459
5583,-35.11791,137.79698
5600,-33.03634,137.27729
5601,-32.93004,137.67451
5602,-33.52395,136.8494
5603,-33.83121,136.49996
5604,-34.00333,136.30176
5605,-34.2583,136.15409
5606,-35.15671,136.51144
5607,-35.10076,136.37914
5608,-33.03888,137.52679
5609,-33.16758,137.39528
5611,-32.94219,137.02251
5630,-34.42022,135.64085
5631,-34.28578,135.66453
5632,-34.07109,135.62348
5633,-33.43813,135.625
5640,-33.60602,136.43766
5641,-33.05868,136.31106
5642,-33.55873,136.10317
5650,-33.15229,135.74015
5651,-33.16961,135.52843
5652,-33.0321,135.31245
5653,-32.96799,135.22927
5654,-32.86079,134.99083
5655,-32.59267,135.00275
5660,-32.56824,134.58621
5661,-32.34937,134.59555
5670,-33.40936,135.02078
5671,-33.14494,134.60175
5680,-32.68883,134.3921
5690,-31.98642,133.25248
5700,-32.6348,137.74925
5701,-32.5778,137.961
5710,-27.46722,134.43004
5713,-31.74887,137.63137
5715,-32.32126,137.22395
5717,-32.08566,135.90645
5719,-30.69215,135.12624
5720,-30.41707,136.42623
5722,-30.71795,137.18278
5723,-28.58052,135.01332
5724,-27.25231,133.58521
5725,-30.49654,136.72027
5730,-31.01104,138.54634
5731,-29.70006,139.3418
5732,-30.53369,139.07844
5733,-28.48074,138.42744
5734,-26.78645,135.5077
5800,-34.9285,138.60075
5801,-34.9285,138.60075
5810,-34.9285,138.60075
5839,-34.9285,138.60075
5942,-34.86002,138.56591
5950,-34.94515,138.53018
6000,-31.94876,115.85991
6001,-31.99212,115.76323
6003,-31.93927,115.86914
6004,-31.95693,115.8746
6005,-31.95707,115.8369
6006,-31.92934,115.85291
6007,-31.93567,115.83433
6008,-31.9566,115.81143
6009,-31.98579,115.80469
6010,-31.97165,115.77639
6011,-31.99637,115.75765
6012,-32.01598,115.7634
6014,-31.93639,115.80817
6015,-31.93845,115.76468
6016,-31.92122,115.83118
6017,-31.90836,115.81456
6018,-31.89196,115.78682
6019,-31.90733,115.76918
6020,-31.8527,115.7654
6021,-31.87167,115.81193
6022,-31.852,115.80924
6023,-31.83447,115.77403
6024,-31.83489,115.80307
6025,-31.79583,115.75441
6026,-31.80171,115.79983
6027,-31.76335,115.7564
6028,-31.73372,115.74765
6029,-31.8769,115.75569
6030,-31.68734,115.71168
6031,-31.69254,115.77214
6032,-31.64323,115.74887
6033,-31.60911,115.71136
6034,-31.58561,115.66388
6035,-31.52472,115.7299
6036,-31.64938,115.70986
6037,-31.48847,115.61611
6038,-32.28915,115.72305
6041,-31.37967,115.56855
6042,-31.25441,115.50862
6043,-31.14176,115.42452
6044,-30.97285,115.42466
6050,-31.93057,115.87186
6051,-31.93811,115.89959
6052,-31.91546,115.88398
6053,-31.92086,115.91485
6054,-31.9018,115.94257
6055,-31.85176,115.98469
6056,-31.8384,116.0261
6057,-31.94994,116.00424
6058,-31.98524,116.00669
6059,-31.88286,115.86173
6060,-31.90142,115.84258
6061,-31.86411,115.84348
6062,-31.88632,115.89088
6063,-31.86287,115.94001
6064,-31.83533,115.8491
6065,-31.69444,115.84533
6066,-31.84269,115.89651
6067,-31.81606,115.89964
6068,-31.8262,115.94111
6069,-31.77303,116.00503
6070,-31.92904,116.07927
6071,-31.88909,116.10043
6072,-31.90783,116.13205
6073,-31.94935,116.28143
6074,-31.89659,116.20454
6076,-32.10896,116.20826
6077,-31.69444,115.84533
6078,-31.69444,115.84533
6079,-31.69444,115.84533
6081,-31.87605,116.14607
6082,-31.73837,116.29571
6083,-31.79305,116.19664
6084,-31.62202,116.07283
6090,-31.86259,115.89425
6100,-31.97173,115.89603
6101,-31.98525,115.90858
6102,-32.00468,115.90806
6103,-31.96036,115.91346
6104,-31.9655,115.97763
6105,-31.95388,115.96329
6106,-31.99208,115.94556
6107,-32.01766,115.96714
6108,-32.06089,115.95358
6109,-32.0399,116.01317
6110,-32.07854,116.0086
6111,-32.09971,116.12496
6112,-32.1579,115.99722
6121,-32.20893,115.91646
6122,-32.22172,116.0072
6123,-32.29518,115.98589
6124,-32.33832,116.07249
6125,-32.36443,115.90128
6126,-32.44003,115.97704
6147,-32.04377,115.94135
6148,-32.03018,115.92469
6149,-32.06494,115.85868
6150,-32.06168,115.83361
6151,-31.9822,115.86948
6152,-32.00851,115.87006
6153,-32.02436,115.83753
6154,-32.04006,115.82599
6155,-32.0615,115.89078
6156,-32.03954,115.80023
6157,-32.03823,115.78373
6158,-32.03854,115.76656
6159,-32.03522,115.75031
6160,-32.05407,115.75454
6161,-32.00555,115.52052
6162,-32.06877,115.75902
6163,-32.08667,115.80166
6164,-32.13021,115.85744
6165,-32.19598,115.79943
6166,-32.15229,115.78976
6167,-32.22366,115.83531
6168,-32.28196,115.75773
6169,-32.3385,115.76395
6170,-32.26564,115.83597
6171,-32.32886,115.83326
6172,-32.37547,115.75315
6173,-32.40741,115.75791
6174,-32.42656,115.76022
6175,-32.4459,115.75529
6176,-32.42167,115.81432
6180,-32.55798,115.72829
6181,-32.55798,115.72829
6182,-32.44631,115.83226
6207,-32.51429,115.95959
6208,-32.63062,115.84759
6209,-32.55798,115.72829
6210,-32.55798,115.72829
6211,-32.60721,115.70694
6213,-32.70206,116.12825
6214,-32.75043,115.85938
6215,-32.85381,115.89671
6218,-32.94615,115.90311
6219,-33.0035,115.8515
6220,-33.03122,116.02978
6221,-33.11933,115.90735
6223,-33.18208,115.90322
6224,-33.24514,115.84679
6225,-33.35257,116.20489
6226,-33.29183,115.84723
6227,-33.32281,115.8686
6228,-33.33806,115.7765
6229,-33.3521,115.70738
6230,-33.34108,115.6492
6231,-33.36438,115.65556
6232,-33.31663,115.70426
6233,-33.27903,115.71443
6236,-33.41044,115.82892
6237,-33.47599,115.67406
6239,-33.56487,115.92393
6240,-33.54959,115.96614
6243,-33.68873,116.20693
6244,-33.76389,116.51544
6251,-33.68266,115.88866
6252,-33.74828,115.95673
6253,-33.77394,116.03654
6254,-33.84441,116.07264
6255,-33.97161,116.15538
6256,-34.05233,116.16658
6258,-34.31282,116.40218
6260,-34.43874,115.86063
6262,-34.67776,116.14653
6271,-33.62118,115.61567
6275,-34.0553,115.62652
6280,-33.72873,115.30474
6281,-33.61079,115.0768
6282,-33.72288,115.02392
6284,-33.85759,115.18868
6285,-33.93983,115.25255
6286,-34.06182,115.17653
6288,-34.17102,115.23362
6290,-34.29383,115.14223
6302,-31.89641,116.73884
6304,-32.17661,116.76028
6306,-32.29652,117.14063
6308,-32.57901,116.66524
6309,-32.66832,117.12923
6311,-32.80353,117.1209
6312,-32.97912,117.30686
6313,-33.05792,117.24328
6315,-33.28627,117.3428
6316,-33.53231,117.38456
6317,-33.64736,117.73891
6318,-33.86202,117.65113
6320,-34.0964,117.7179
6321,-34.26948,117.39853
6322,-34.41197,117.49162
6323,-34.48624,117.62552
6324,-34.61829,117.78147
6326,-34.76936,117.78534
6327,-34.85854,117.59342
6328,-34.88389,118.47699
6330,-34.90544,117.86329
6331,-35.0269,117.884
6332,-33.53673,116.92923
6333,-34.89784,117.17081
6335,-33.86902,118.11278
6336,-33.92824,118.5968
6337,-33.99045,119.23719
6338,-34.36286,118.65712
6341,-33.51365,118.21517
6343,-33.53556,118.79925
6346,-33.31907,120.34901
6348,-33.88131,120.14577
6350,-33.3194,117.76158
6351,-33.18937,117.92207
6352,-33.18547,118.08616
6353,-33.13138,118.51034
6355,-33.03269,119.09834
6356,-33.04302,119.85282
6357,-32.80966,118.72416
6358,-32.48392,118.67192
6359,-32.50578,119.25028
6361,-32.9894,117.7572
6363,-32.91979,118.00421
6365,-32.72314,118.28878
6367,-32.42265,118.35194
6368,-32.18946,118.33995
6369,-32.02368,118.80645
6370,-32.78459,117.59759
6372,-32.63398,117.72681
6373,-32.49542,117.7639
6375,-32.28628,117.87984
6383,-31.953,117.37688
6384,-31.95555,117.66621
6385,-31.90207,117.7473
6386,-31.95007,117.81514
6390,-32.80544,116.41337
6391,-33.0633,116.7732
6392,-33.33682,116.65711
6393,-33.53823,116.85396
6394,-33.80772,116.95572
6395,-33.88515,117.06528
6396,-34.35546,117.0315
6397,-34.54367,116.95536
6398,-34.78861,116.60404
6401,-31.63964,116.6755
6403,-31.6439,116.79748
6405,-31.60582,117.02019
6407,-31.65114,117.22206
6409,-31.61169,117.48042
6410,-31.57999,117.67999
6411,-31.55053,117.90531
6412,-31.60108,117.97982
6413,-31.55564,118.06404
6414,-31.52676,118.1678
6415,-31.48122,118.28998
6418,-31.89554,118.1626
6419,-32.03118,118.09778
6420,-31.74834,118.71826
6421,-31.32754,118.52421
6422,-31.38412,118.5644
6423,-31.1255,118.69292
6424,-31.29634,118.89627
6425,-31.39815,119.1432
6426,-30.36131,119.31127
6427,-30.85057,119.5409
6428,-32.142,118.02054
6429,-30.94979,120.89889
6430,-30.61266,121.44655
6431,-30.40364,122.68388
6432,-30.87101,121.54178
6433,-30.75739,121.4791
6434,-30.82016,125.67282
6435,-28.21931,120.44875
6436,-29.60225,124.85684
6437,-27.68439,120.5298
6438,-28.90003,121.09265
6440,-26.16894,125.73316
6442,-31.24161,121.76074
6443,-32.39502,123.74419
6445,-32.9817,121.63873
6446,-33.22344,121.68232
6447,-33.45132,121.73221
6448,-33.65055,121.7989
6450,-33.40115,122.21113
6452,-32.91833,122.895
6460,-31.26665,116.77903
6461,-31.14072,117.08333
6462,-31.12529,117.20435
6463,-31.1265,117.2493
6465,-30.85998,117.07116
6466,-30.71909,117.10037
6467,-30.56131,117.15337
6468,-30.21456,117.14446
6470,-30.46643,117.28701
6472,-30.25183,117.79198
6473,-30.489,118.13352
6475,-30.61398,117.44049
6476,-30.76493,117.67917
6477,-30.77596,117.93876
6479,-30.73397,118.4653
6480,-31.29008,118.22061
6484,-30.96068,119.07891
6485,-31.18472,117.38106
6487,-31.16826,117.66005
6488,-31.12757,117.73584
6489,-31.12327,117.94562
6490,-31.16183,118.10706
6501,-31.54181,115.9455
6502,-31.29756,116.18427
6503,-31.23741,115.82111
6504,-31.31079,116.0423
6505,-31.16142,116.10443
6506,-31.07028,116.11028
6507,-30.72155,115.71871
6509,-30.91227,116.25262
6510,-30.70115,116.09027
6511,-30.56812,115.2502
6512,-30.44667,116.07017
6513,-30.27368,116.06062
6514,-30.02737,115.08715
6515,-29.96728,115.85642
6516,-30.22554,115.20926
6517,-29.74067,115.83942
6518,-29.77492,115.18074
6519,-29.5143,115.59771
6521,-30.34851,115.64092
6522,-29.13937,115.48557
6525,-29.32732,115.09807
6528,-28.98589,114.81518
6530,-28.79597,114.80773
6531,-30.5261,115.17635
6532,-28.44089,115.0046
6535,-27.8322,114.85244
6536,-27.54184,114.37968
6537,-26.76589,114.43057
6556,-31.86059,116.31025
6558,-31.77145,116.31339
6560,-31.81767,116.42856
6562,-31.74619,116.47343
6564,-31.72661,116.53897
6566,-31.48485,116.38064
6567,-31.45921,116.41996
6568,-31.24658,116.53746
6569,-31.05591,116.45825
6571,-30.94045,116.39662
6572,-30.80467,116.3963
6574,-30.65091,116.42524
6575,-30.41087,116.42443
6603,-30.87424,116.72598
6605,-30.73016,116.76296
6606,-30.58072,116.8239
6608,-30.42933,116.82659
6609,-30.26649,116.75063
6612,-29.54514,117.83518
6613,-29.96263,116.52355
6614,-29.8888,116.55187
6616,-29.76691,116.43422
6620,-29.43494,116.66886
6623,-29.02168,116.12046
6625,-29.10743,115.94671
6627,-28.85046,115.90202
6628,-28.83385,115.7648
6630,-27.731,115.66607
6631,-28.46368,115.75544
6632,-28.61989,115.33836
6635,-28.15073,116.68941
6638,-28.61245,118.15757
6639,-27.68492,119.4098
6640,-27.0032,117.67465
6642,-25.72034,118.57472
6646,-25.91272,121.21491
6701,-24.73455,115.15198
6705,-25.11129,115.01149
6707,-22.26503,113.95479
6710,-22.13346,115.44897
6711,-21.46193,115.00109
6712,-20.78581,115.40734
6713,-20.67631,116.70955
6714,-21.14506,116.34993
6716,-21.60532,116.31199
6718,-20.9715,117.74097
6720,-20.69929,117.06761
6721,-20.7108,118.44172
6722,-20.40785,118.60667
6723,-20.2103,119.72749
6725,-18.77337,122.75379
6726,-17.95018,122.19642
6728,-17.19253,124.52668
6731,-16.09862,123.61052
6733,-16.13485,123.75396
6740,-14.96269,128.39719
6743,-16.99077,129.50325
6751,-22.14125,117.05778
6753,-23.25003,120.26174
6754,-23.30375,117.47663
6758,-22.05558,120.28227
6760,-22.02661,124.38389
6761,-20.4036,120.46997
6762,-21.71222,122.2248
6765,-18.79548,125.6034
6770,-18.72287,127.75341
6798,-10.48705,105.64067
6799,-12.16972,96.83152
6800,-31.99212,115.76323
6803,-31.93927,115.86914
6809,-31.99212,115.76323
6817,-31.99212,115.76323
6820,-31.99212,115.76323
6827,-31.99212,115.76323
6830,-31.99212,115.76323
6831,-31.95505,115.85753
6832,-31.95815,115.86673
6837,-31.99212,115.76323
6838,-31.99212,115.76323
6839,-31.99212,115.76323
6840,-31.99212,115.76323
6841,-31.99212,115.76323
6842,-31.99212,115.76323
6843,-31.99212,115.76323
6844,-31.99212,115.76323
6845,-31.99212,115.76323
6846,-31.99212,115.76323
6847,-31.99212,115.76323
6848,-31.99212,115.76323
6849,-31.9488,115.864
6850,-32.80796,115.59345
6865,-31.93927,115.86914
6872,-31.94319,115.8764
6892,-31.7771,115.81789
6900,-31.93567,115.83433
6901,-31.94455,115.87592
6902,-31.93567,115.83433
6903,-31.93567,115.83433
6904,-31.94678,115.82931
6905,-27.6728,121.628
6906,-31.982,115.76096
6907,-31.98579,115.80469
6909,-31.98579,115.80469
6910,-31.98149,115.7745
6911,-32.40341,115.76198
6912,-32.01175,115.76314
6913,-31.93639,115.80817
6914,-31.8616,115.81521
6915,-31.95413,115.84826
6916,-31.88588,115.8048
6917,-31.88588,115.8048
6918,-31.89196,115.78682
6919,-31.76335,115.75641
6920,-31.85941,115.77544
6921,-31.88233,115.79188
6922,-31.90139,115.79501
6923,-31.79583,115.75441
6924,-32.55982,115.79735
6925,-32.10896,116.20826
6926,-31.93903,116.01252
6929,-31.95413,115.84826
6931,-31.93811,115.89959
6932,-31.92324,115.88276
6933,-31.90715,115.89655
6934,-31.9151,115.9211
6935,-31.92372,115.92113
6936,-31.8918,116.013
6937,-31.89675,115.84681
6938,-31.89675,115.84681
6939,-31.89675,115.84681
6940,-31.89675,115.84681
6941,-31.84204,115.85519
6942,-31.9018,115.94257
6943,-31.88792,115.89292
6944,-31.86486,115.89553
6945,-31.8556,115.893
6946,-31.61756,115.71508
6947,-31.69444,115.84533
6951,-32.06871,115.82172
6952,-31.8917,115.81792
6953,-32.02436,115.83752
6954,-32.04006,115.82599
6955,-32.0615,115.89078
6956,-31.98806,115.85359
6957,-32.03823,115.78373
6959,-32.06711,115.9864
6960,-32.04,115.816
6961,-32.03823,115.78373
6963,-32.07695,115.78871
6964,-32.02275,115.86018
6965,-32.08478,115.79872
6966,-32.14319,115.85983
6967,-32.28196,115.75773
6968,-32.10777,115.78269
6969,-32.26402,115.74507
6970,-32.0615,115.89078
6979,-31.95458,115.8962
6980,-32.01766,115.96714
6981,-31.95183,115.87696
6982,-31.86982,116.16912
6983,-32.00564,115.90443
6984,-31.96577,115.93346
6985,-33.62528,115.60016
6986,-31.99208,115.94556
6987,-32.01766,115.96714
6988,-32.05001,115.96476
6989,-32.0396,116.00957
6990,-32.06041,116.00846
6991,-32.09788,116.09596
6992,-31.9645,115.92039
6997,-32.09788,116.09596
7000,-42.87835,147.308
7001,-43.53591,146.35605
7002,-42.89969,147.44635
7004,-42.89015,147.32893
7005,-42.9162,147.3368
7006,-42.90811,147.34439
7007,-42.92286,147.3195
7008,-42.86193,147.29327
7009,-42.84261,147.28968
7010,-42.85913,147.21237
7011,-42.79339,147.23006
7012,-42.83372,147.17438
7015,-42.83903,147.36017
7016,-42.81355,147.34638
7017,-42.71927,147.31511
7018,-42.87759,147.38568
7019,-42.89878,147.43334
7020,-42.96574,147.47851
7021,-42.9068,147.48002
7022,-43.05316,147.47988
7023,-42.98831,147.40932
7024,-42.95041,147.51218
7025,-42.73026,147.43967
7026,-42.64604,147.45136
7027,-42.53638,147.3835
7030,-42.31704,146.96714
7050,-42.9755,147.29818
7051,-42.98739,147.32724
7052,-43.00805,147.3093
7053,-42.94731,147.3347
7054,-43.00658,147.2567
7055,-42.99471,147.2852
7109,-43.57109,146.52406
7112,-43.28661,147.1362
7113,-43.09105,146.97049
7116,-43.26212,147.03435
7117,-43.33843,147.04013
7119,-42.43189,147.36537
7120,-42.31694,147.48727
7139,-42.71549,145.9253
7140,-42.54421,146.45502
7150,-43.07759,147.95844
7151,-41.51872,146.64266
7155,-43.12887,147.21692
7162,-43.15865,147.20963
7163,-43.20977,147.22748
7170,-42.85132,147.44979
7171,-42.78011,147.48828
7172,-42.73029,147.6317
7173,-42.82365,147.63074
7174,-42.80768,147.74328
7175,-42.81861,147.82859
7176,-42.7531,147.83767
7177,-42.88419,147.97649
7178,-42.95847,147.90615
7179,-43.03383,147.94496
7180,-43.13871,148.00656
7182,-43.17434,147.86154
7183,-43.17119,147.75059
7184,-43.16934,147.72853
7185,-43.0629,147.75378
7186,-43.02952,147.66398
7187,-43.02774,147.84803
7190,-42.62988,148.0917
7209,-42.10458,147.61431
7210,-41.91592,147.41075
7211,-41.78862,147.31709
7212,-41.56788,147.48841
7213,-41.81691,147.7663
7214,-41.60072,147.8974
7215,-42.28145,148.27553
7216,-41.28424,148.0764
7248,-41.39724,147.13019
7249,-41.47243,147.15779
7250,-41.43225,147.07759
7252,-41.14803,146.99252
7253,-41.11742,146.83066
7254,-41.13407,147.19802
7255,-39.94938,148.32925
7256,-39.83095,144.15978
7257,-40.50598,148.33896
7258,-41.49994,147.20945
7259,-41.35882,147.35769
7260,-41.15879,147.50208
7261,-41.12694,147.56782
7262,-40.80151,147.63004
7263,-41.30879,147.70265
7264,-41.01635,148.05178
7265,-41.08106,147.82343
7267,-41.26491,147.0864
7268,-41.33389,147.15276
7270,-41.17792,146.78395
7275,-41.31989,146.83532
7276,-41.29308,146.97202
7277,-41.36642,146.99698
7290,-41.51251,147.0686
7291,-41.53063,147.0136
7292,-41.4721,146.94473
7300,-41.61429,147.21929
7301,-41.60012,147.04648
7302,-41.70457,146.98829
7303,-41.59491,146.81508
7304,-41.71679,146.16889
7305,-41.35232,146.41213
7306,-41.46696,146.19611
7307,-41.21049,146.57356
7310,-41.23735,146.23941
7315,-41.30317,146.07241
7316,-41.26971,145.93178
7320,-41.08422,145.86208
7321,-41.45639,145.50373
7322,-41.04447,145.80453
7325,-41.10031,145.60756
7330,-40.78234,145.05762
7331,-40.75855,145.27542
7466,-42.29131,145.80745
7467,-42.09373,145.52969
7468,-42.70603,145.53767
7469,-41.78439,145.20163
7470,-41.90213,145.50057
8001,-37.81444,144.98258
8002,-37.81444,144.98258
8003,-37.8183,144.957
8004,-36.5588,145.46899
8005,-37.82461,144.95086
8006,-37.8097,144.95931
8007,-37.8183,144.957
8008,-37.84425,144.97016
8009,-37.8172,144.96453
8010,-38.18586,146.29373
8011,-37.81131,144.96175
8012,-37.81472,144.94804
8045,-37.81444,144.98258
8051,-37.81444,144.98258
8066,-37.81444,144.98258
8069,-37.81444,144.98258
8070,-37.81444,144.98258
8071,-37.81444,144.98258
8102,-37.81444,144.98258
8107,-37.81444,144.98258
8111,-37.81444,144.98258
8120,-37.81444,144.98258
8205,-37.81444,144.98258
8383,-37.81444,144.98258
8438,-37.7981,144.81108
8511,-37.7981,144.81108
8785,-38.01611,145.2085
9000,-27.60348,152.82314
9001,-27.60348,152.82314
9002,-27.60348,152.82314
9005,-27.60348,152.82314
9007,-27.60348,152.82314
9009,-27.60348,152.82314
9010,-27.60348,152.82314
9013,-27.60348,152.82314
9015,-27.60348,152.82314
9464,-27.39706,153.07498
9726,-28.00878,153.4122
9999,-37.8174,144.95678
